Data,Label,Hard_Word_Ratio
সৌরভ গাঙ্গুলী ছাড়া দাদাগিরি কখনো জমে উঠত না,0,0.25
"ক্রিকেট কে বাচাতে হলে পাপকে অতিশিগ্রিই তাকেও গ্রেফতার করে তার সব হিসাব নেওয়া হোক , 100 % সেই বড় দূর্নিতীবাজ ",2,0.2
আমিতো সেই ঝালপ্রিয়ো মানুষ,1,0.25
টেকনিশিয়ান রা খাবার খাইয়ে আবার হজম করিয়ে দিবে আদনান ভায় এর,2,0.18181818181818182
# জনাব_ইসমাইল_চৌধুরী_সম্রাট ভাইয়ের অনতিবিলম্বে নিঃশর্ত মুক্তি চাই,0,0.42857142857142855
ইলুমিনাতির 36 মাস্টার মেশন এর টুপি পরা ভাইয়া আর লিপু ভাইয়া সেই,1,0.4166666666666667
ঘটনা ঘটার পর টনক সবৈরি লড়ে,0,0.6666666666666666
নওসিন বুবু কেন আপনাকে বিয়ে করলো,2,0.3333333333333333
বাপরে আনারসে দাঁত টকে যায় তো দাদা এর সরবত ই ভালো,1,0.36363636363636365
অমায়িক ব্যবহার এই রেস্টুরেন্টের স্টাফদের,1,0.4
পাওয়া উচিত । ভালো হয় যদি ওদের কাস্টোমার কেয়ারে একটু ফোন করে যেনে নেন,1,0.21428571428571427
ভালোবাসা রইল অফুরন্ত আদনান ভাই,1,0.2
মেয়ো আর সসে চুপচুপে সো কল্ড জুসি বার্গারের ভিড়ে উনার বার্গার একেবারেই অন্যরকম,1,0.5384615384615384
"গোপন সুত্রে জানা যায় যে , পাপইন্যা মাদারচোদ প্রতিরাতে লোকমানের সাথে যৌন মিলনে মত্ত থাকে । লোকমানের গুদ মেরে এবং বিচি চেটে পাপন তার কামনা মেটায় । এই কারনে লোকমানকে স্বপদে বহাল রাখা হয়েছে । এটাই আসল নিউজ ",2,0.2894736842105263
স‌ত্যি খুব ভাল লাগল । আ‌মি রানার পুরা ভি‌ডিওটা দেখছি । ঘশা মাঝা কর‌লে রানা অ‌নেক বড় একজন শিল্প হ‌তে পারবে । আশা রাখব যারা এই বিষয়গুলা নি‌য়ে আ‌ছেন তারা ও‌কে সফল হ‌তে সহায়তা কর‌বেন । ধন্যবাদ,1,0.3783783783783784
রুটিওয়ালাকে অতিসত্বর বাংলাদেশ দলে তামিমের জায়গায় নেওয়া হোক । তাহলে আর ক্যাচ মিস হবেনা,2,0.35714285714285715
"অাল্লাহু আকবাৱ , এই গঠনা দ্ধাৱা , ভাল মানুষেৱ মিলন মেলা হল ",1,0.5833333333333334
কুস্টিয়ার কোথায় ? সেটা বলেন,0,0.2
"ভাই ক্যেমরা মেন কে খাওয়ান না , উনার খাবার টা দেখাবেন ",1,0.18181818181818182
"চামুচ ব্যবহার করেন না , সব হাত দিয়ে নিচ্ছেন ",0,0.2222222222222222
"ভদ্রলোকের কথাবার্তা খুবই অমায়িক , বাচনভঙ্গিও ছিল সুন্দর ",1,0.375
ভাই গ্লাবস ব্যাবহার করুন,0,0.25
বাংলাদেশী পুলিস ভড় মাদারচোদ,2,0.25
"এই প্রতারণার মাস্টার মাইন্ড কারা , সরকার কিভাবে এদের মত প্রতারক প্রতিষ্ঠানকে মানুষরের টাকা হাতিয়ে নেয়ার সুযোগ দেয় ",2,0.2777777777777778
আমার টুরিস্ট ভিসা রোগীর সাথে যেতে পারবো তাকে দেখাশুনা করার জন্য,1,0.18181818181818182
ক্রোস ফায়ার দেওয়া হোক এইসব জানোয়ার অমানুষদের ,2,0.2857142857142857
তোমার গুসটি চুদি খানকির পোলা ,2,0.2
"ইদানিং অবশ্য জিম করি । কিন্তু জিম করছি স্বাস্থ্য কমানোর জন্য না , নিজেকে আরও ফিট করে তুলতে ",1,0.2222222222222222
"নোয়াখালী মাইজদী হাসপাতাল রোডের , হাসপাতাল গুলাতে একবার গেলে ভালো হতো ",1,0.36363636363636365
"সত্যিই ভুটানের মনোরম পরিবেশে যে কেউই আনন্দিত হবে । যাঁদের গায়ে রোগের প্রকোপ । ; অর্থাৎ । , ব্লাড প্রেসার , হই প্রেসার , সুগার । প্রভৃতি ভালো হয়ে যেতে পারে । , যদি না কেউ ভূটান মিস না করে ",1,0.25
কেল্লার গেইট থেকে ১০০-১৫০ মিটার পশ্চিমে গেলে হাতের বাম পাশের দোকান,0,0.45454545454545453
এই গল্পটি স্থানীয় মুরব্বীদের কাছে শোনা ,0,0.6666666666666666
আপসহীন রিপটিং এভানেই আপসহীন ভাবে খবর প্রচার করে জান.,1,0.5555555555555556
পুলিশ যে কোন জাতের তা নিয়ে থিসিস করা দরকার । শূয়োর আর কুত্তার সংমিশ্রণে বিডি পুলিশ,2,0.3125
আরে বাবা এদেখি অভিনব পদ্বতিতে ভিক্ষা । কি করছেন আমাদের সম্মানিত প্রশাষন,0,0.4166666666666667
আমাদের বাংলাদেশএর খাবার ভিশ্ব সেরা,1,0.4
আমরা 28 জন গিয়েছিলাম । ব্যাচেলর দের পার হেড 6500 টাকা করে পড়েছিল । ফ্যামিলি হলে 9000 টাকা পার হেড,1,0.2
ভ্যাকেশন মানেই রেট বেশী,0,0.5
আদনান শালারে বান্দরের মতো লাগে । শালা বাইনচোদ,2,0.25
হাঁসু ডাইনির মদত ছাড়া পুলিশের বাবার হিম্মত নাই,2,0.5
কিন্তু আমার প্রশ্ন হলো বিসিসিআই এ অমিত শাহার প্রভাব কি বোর্ডে রাজনীতির দখল প্রমাণ করে না ,0,0.1875
"যে রাজনীতি মানুষকে মনুষ্যত্ব শেখানোর পরিবর্তে পশু বানায় সে রাজনীতির কি দরকার ? ধিক্কার জানাতেও ঘৃনা হয় । দেশের সর্বোচ্চ বিদ্যাপিঠের মেধাবীদের যদি এই অবস্থা হয় । কোথায় গিয়ে ঠেকেছে আমাদের বিবেকবোধ , নৈতিকতা আর ধর্মীয় মূল্যবোধ ",2,0.24324324324324326
ভাইয়া রাজশাহী বাটার মোড়ের জিলাপির রিভিউ করতে ভুলবেন না,1,0.3333333333333333
নান্নার বিরিয়ানী এর একটা রিভিউ দিয়েন,1,0.5
ব্রেন মাসালা টা কি গরুর নাকি ছাগলের,0,0.2857142857142857
হাগু করতে না পারলে কি হইছে টয়লেটেতো বসেছি,2,0.25
তাই বলি ন্যেকিটা সিরিয়াল ছেড়ে রান্নাঘরে কেন ঢুকলো,2,0.5
এসব জালিমদের আল্লাহ বিচার করুক,1,0.2
না দা ভাগাড়ের মরা মুরগী বা পাঙ্গাস নয় আসল ভেটকী,1,0.3
শীর্ষ সন্ত্রাসী পুলিশ কর্তৃক এধরণের কথাবার্তা শুনে আহত হবার কিছু নেই । এরাই লিগ্যাল অস্ত্রের লিগ্যাল সন্ত্রাসী,2,0.4117647058823529
তেহেরীটা পেলে মিস করবেন না,1,0.2
শম্ভল : - শব্দটি সংস্কৃত ভাষা ,0,0.5
ভাই যদি গেন্জি বেশি থাকে তাহলে আমাকে একটা গিফট দিয়েন খালিদ ভাই,1,0.25
যানি না এই কমেন্ট পড়বেন কিনা । তারপর ও লিখছি,1,0.3
পরাতন ঢাকার নীরব হোটেলে খান,0,0.4
টিপিক্যাল নোংরা কাটার বাচ্চা,2,0.5
আমি জখনি জাই পাঁচ ভাইতে নাখেলে কেমন জানি অপুরন্ম থেকেই যায়,1,0.36363636363636365
এসপ্ল্যানেড থেকে কোন রাস্তা দিয়ে প্রায় কুড়ি কিমি ঘুরে প্যারামাউন্টে এলেন মশায়,0,0.5
এটা যে আমার বাংলাদেশে এত সুন্দর ইস্তান তা বাবতে পারিনা । আর আপনার কন্ঠ অনেক সৃতিমধুর,1,0.1875
ভাইয়া কাটার একটা নায়েফ নিলে ভালো হতো কাটতে ,0,0.375
"১ অথবা এনায়েতের ফুসকা একবার খেয়ে দেখেন । ঠিকানাঃবর্ণমালা আদর্শ স্কুল এন্ড কলেজ রোড ধনিয়া , যাত্রাবাড়ী ঢাকা ",1,0.2777777777777778
ছোট একটা মাছ 400 টা ডাকাতির জায়গা ,2,0.2857142857142857
রাষ্ট্রপতির কোন ক্ষমতা না থাকায় আনুষ্ঠানিক প্রধান হওয়ায় এইসব কৌতুক আর নাটক করে বেড়ায়,0,0.35714285714285715
"ভাই উচ্চারণটা চট্টলা , চট্টগ্রামের উচ্চারণের মত চট্রলা না ভাইয়া ",0,0.4
মানালি ও কল্লু আরো ভালো সেখানে স্নোফল হয় ডিসেম্বার ও জানোয়ারিতে বেচে থাকলে 2020 এর জানোয়ারি তে যাচ্ছি তবে দোয়া ও ভালবাসা রইলো আপনার জন্য আপনার এ টু জেড বলা ঠিক আছে সবাই আসলে এবাবে সব বলতে পারেনা,1,0.21052631578947367
"ভিডিওটা দেখে নস্টালজিক হয়ে গেলাম দাদা , কোথায় হারিয়ে গেল সোনালী সেই সব দিনগুলি , সবাই আমরা চাকরি , ব্যবসা করে সব সুখ স্বচ্ছন্দ কিনতে পারছি , কিন্তু ছাত্রবয়েসের সেই দিনগুলি কোনো মূল্যেই আর ফেরত পাবো না ",1,0.1891891891891892
কার এতো টেকা পড়ছে যে লাখ টাকা দিয়ে আইফোন কিনব যেখানে 40 হাজার খরচে ওয়ান প্লাস এবং এর চাইতেও অনেক ভালো ফোন পাওয়া যাবে,0,0.20833333333333334
বিদ্যানন্দের নাম শুনেই লাইক বাটনের ক্লিক করে দিয়েছি । এই মানুষগুলোর জন্য অবিরাম ভালোবাসা,1,0.42857142857142855
নাইফ তো কাচা বিফের ভিতর ও ইজিলি ঢুকে যাবে,1,0.3333333333333333
সবাইতো এখন আপনার তারিফ করছে,1,0.4
খুব ভালো তবে চিরিয়াখানায় নিলেতো পচা খাবার খাওয়াইবো কারন ওইখানের সব অসাধু,2,0.4166666666666667
লাভ নাই তুমি বেশি জমিয়া ফেলছো ,2,0.3333333333333333
আপু আপনাকে মেকআপে সুন্দর দেখায় না । সামনেরবার থেকে মেকআপ না করে উপস্থাপন করবেন,2,0.21428571428571427
একপিস মাংসের কাচ্চি নাকি ১৮০ টাকা,0,0.3333333333333333
"এটা বলা ঠিক না আল্লাহ চাইলে কিনা করতে পারেন , আজ এই কথা বললেন যেদিন এই পদ্মাসেতু নির্ধারিত টাইমের আগেই যদি ভেঙ্গে যায় তখন কি বলবেন , এই কথাটির ফল দেখতে পারবেন অতি শিগগিরই ",0,0.17647058823529413
চিত্ত বাবুর দোকান খুবই পরিচিত । প্রথম প্লেটে যেগুলো খেলেন সেগুলোই সব চেয়ে বেশি জনপ্রিয়,1,0.3333333333333333
এটা শসা না । পিকল্ স । প্রত্যেক ভিডিওতেই এরকম উল্টা পাল্টা ইনফরমেশন দিতেই থাকেন,2,0.3333333333333333
নতুনকে জায়গা দিতে পুরনোকে জায়গা ছেড়ে দিতে হবে,1,0.25
কিসের ক্যনসার হাসপাতাল এরা সব চোর পাবলিকের টাকা লুটে নিচ্ছে হারাম খোরেরা,2,0.3333333333333333
দয়াকরে সারোয়ার ভাইকে দায়িত্ব টা দেন তাহলে আমরা দরশক খুশি হবো ,0,0.18181818181818182
"মাদারচোদ ক্যান্সার হাসপাতাল , বাল ফালায় আয়োজক শালার পুত বাইঞ্চোদরা ",2,0.4
দেশে সুশাসনের অভাবেই এ অবস্থা । বুঝলাম না এত বাড় বাড়ল আর বুদ্ধিমতি সরকার কিছুই টের পেলনা । এত চৌকশ পুলিশ মিলিটারি এরা কী করেছিল । ক্ষতি যা হয়েছে তা কে পোষাবে,2,0.28125
আপু আমি তো প্রতি দিন হাটা হাটি করি কিন্ত প্যাটের চরভি তো কমেনা ,0,0.38461538461538464
পুলিশগোরে ডিম থেরাপি দেয়া উচিত ,2,0.2
মাদার চোদ্দ পুলিশ কুওা বাচ্চা পুলিশ,2,0.3333333333333333
ভাই সত্যি কথা কি জানেন পাপন বড় বেয়াদব । আশরাফুল কে এখনো দলে নিচ্ছে না,2,0.2
বাংলাদেশের পুলিশ একটা বাইঞ্চুত ছারা আর কিছুনা,2,0.2857142857142857
সংবাদের বড় অভাব মনে হচ্ছে,2,0.2
শক্তিগড়ের লেংচা মিষ্টি ভায়া,1,0.75
গাদা কোথাকার ওটাতো উছিলা মাএ বাঁছিয়েছেনতো মহান আললাহ,2,0.5
"টাকার দাম আছে ভাই , ধুমাইয়া টাকা কামাইছো আর এখন বউ কামায় দেয় তাই টাকারে টাকা মনে হয় না ",2,0.21052631578947367
এই শালা বলে কেই নকি জোগাজোগ করেনি টাকার ঝনন শালারে বিচার কড়া দরকার,0,0.46153846153846156
"টাকার দাম আছে ভাই , ধুমাইয়া টাকা কামাইছো আর এখন বউ কামায় দেয় তাই টাকারে টাকা মনে হয় না ",2,0.21052631578947367
কোন দিকে চাইয়া কথা কন ভাই বুঝি না ত,1,0.2222222222222222
অনেকবারই খাওয়া হয়েছে এখানে,1,0.25
"4 জন 5 দিন 70 , 000 টাকা । দুই দেশেরই ভিসা লাগবে ",0,0.23076923076923078
চাদাবাজি কে ঠিকাদারি বললি,2,0.5
এখন ইলিয়াস ভাই এর একটা লাইভ দরকার । দেশের জনগণ যেন জেগে ওঠে । আন্দ লিব রহমান পার্থ ভাই এখন কই মাঠে আসুক । এবং সকলে মিলে দেশটাকে বাচায়,1,0.2413793103448276
"বাঁশ ভালোই দিলেন , এই বাঁশটা অনেকের পকেট এবং ইজ্জত বাচিয়ে দিল । ধন্যবাদ ",1,0.21428571428571427
"পাছায় নাই ছাল থেকে বাকলা , তিন থেকে কলা খাই একলা একলা ",2,0.3333333333333333
জুতা দিয়া পিডাইতে মন চায় সালাগরে,2,0.3333333333333333
১ টাকার শিঙ্গারা,1,0.3333333333333333
"নুরু সকল করিও , কিন্তু কোনো ধর্মকে ব্যঙ্গ ও গালি দিওনা ",0,0.36363636363636365
ভুমিকা৷ আওয়ামিলিগ পুলিশ৷ ৷কেচিনোলিগের৷ দালাল,2,0.8
দেশ চালায় পুলিশ । কি আর বলবেন । পুলিশের কাঁধে ভর করে যখন সরকার চলে তখন জননিরাপত্তা সহ দেশের আইন শৃঙ্খলা কোন ভাবেই স্বাভাবিক থাকেনা । কারন পুলিশ এখন দড়ি ছাড়া ষাঁড় গরুর মতো । যাকে পাচ্ছে তাকেই গুতো দিচ্ছে । এটাই স্বাধীনতর এবং মুক্তিযুদ্ধের সুফল,2,0.21739130434782608
* সবই বুঝলাম ঐদিকে ভারতকে সবকিছু দিয়া বিনিময়ে মুলা পাইলো আর এই মুলা আড়াল করতেই সম্রাটকে সামনে আনছে চুদুর বুদুর বাদ দেন এটা কোন চমক হতে পারে না জনগণ সব বুঝে *,2,0.34375
আমি খোঁজতে খোঁজতে পাইলাম না । শেষ পর্যন্ত দেখতে হল ,0,0.2
দারুন হয়েছে আমি আকাশ থেকে পড়বা সাঁতার কাটবো ,1,0.25
এরা লটারির টাকা ভাগবাটোয়ারা করে হজম করে ফেলেছে । এরা প্রতারক । এদের ধরে জনসমক্ষে পিটানো হোক,0,0.17647058823529413
কী ছিরি ছ্যা ! যেন নোংরা শূয়রের খামার,2,0.5
এখানের খাবারের মান বিলো এভারেজ । অস্বাস্থকর সব খাবার,2,0.4444444444444444
অসাধারন ! মানবিকতার জন্য স্বপ্ন সুপারশপ কে ধন্যবাদ,1,0.25
আমি 1স্ট মার্চ যাচ্ছি । এটা কি সঠিক সময়,0,0.2222222222222222
"ভাই ডাকাতের দলে মাল ডেলেছে , তাই উল্লাটা হয়েগেছে ",2,0.5555555555555556
আপনের বউ এতো লুচ্চি কেনো,2,0.4
আপনার উপস্হাপনা একটু শহর ঘুরিয়ে দেখানো সব মিলিয়ে খুব সুন্দর দাদা । আপনি নাট্যজগতের গুণীজন সেটা আজ জানলাম,1,0.2222222222222222
মরা গরু মাংশ নাতো ভাই । মরা মুরগি নাতো,2,0.2222222222222222
কোন জায়গায় দিনাজপুর এই দোকানটা,0,0.2
শালার পুতেদের লটারি বিক্রি করতে আসলে চুদা দেম এর পর,0,0.2
মরলেই ভাল হইত জাক শিক্ষা হইসে অত পানিতে এতো ফুরতি আসে কয়থেকে,0,0.3333333333333333
করে আসছি প্রশাসনিক পোশাখ ধারী এই সব পশু যানোয়ারের নির্মম অত‍্যাচার । তাই আজ আমাদের সকলকে এগিয়ে আসতে হবে এবং এই সব মানুষ নাম ধারি পশুর বিরুদ্ধে রুখে দাঁড়াতে হবে,1,0.23333333333333334
খাবারের সাথে গানগুলোও অসাধারণ,1,0.25
কামাল বিরিয়ানী হাউজ । কাচ্ছি বিরিয়ানী তো বুঝলাম । কিন্তু এটা কি মাটন কাচ্ছি না কি বিপ কাচ্ছি সেটা বুঝতে পারলামনা । হুল্লোল ভাই এই কাচ্ছি বিঃ টা কিসের গোস্ত অথবা মিট দিয়ে বানানো হয়েছে বল্লো আরো ভালো হতো,2,0.2564102564102564
""" আমি দাজিলিং শিমলা মানালীর অনেক ভিডিও দেখেছি কিন্তু কোনটা জেলায় তাই বোঝতে পারি নাই কিন্তু আজ অনেকটাই ক্লিয়ার হয়ে গেলাম আপনার ভিডিও দেখে শুনে । "" ",1,0.18518518518518517
"পুলিশের ইউনিটগুলো হয়ে গেছে মাল্টিপ্লাগের মত , যার কোন পোর্টই ঠিক মত কাজ করে না । বাংলাদেশি হিসেবে আমি লজ্জিত ",2,0.2
শুধু ভুমিকম্প কেন যদি ভারত পাকিস্তানের সবগুলো পারমাণবিক বোমা মারা হয় তাহলেও এই সেতুর কিছুই হবে না,2,0.29411764705882354
আমাদের নতুন চ্যানেলে জয়েন করুন,1,0.2
আরে ভাইজান লজ্জা শরম করে লাভ নাই ভুল মানুষের হয় এটাই সাভাবিক আগে আপনার ফেমিলিকে বাঁচান । সব কিছু ভুলে যান সামনে ঈদ বউ বাচ্চার জন্য জামাকাপড় কিনতে হবেনা তারাতারি চাকরিতে জয়েন্ট দেন দোয়ারইলো ভালো থাকেন,1,0.2222222222222222
বাট আনার পর দেখি ৭০ পেকেট কাচ্চির ভিতর ১২ পেকেটে মাংসের কোন টুকরাই নাই,2,0.21428571428571427
"ভাবির ওপর কিসের প্রতিশোধ নিছেন আগে বলেন সেটা ? , । বেচারা , ভাবি , আপনার রিভিউর চক্করে কত কষ্ট করলো ",2,0.23809523809523808
"ভাই , ডিস্ক্রিপশনটা একটু পড়েন প্লিজ ",0,0.3333333333333333
লাইক কমান্ড দিয়ে পাশে আছি,0,0.2
"তালতলার বিপরিতে যেই তান্দুরী চিকেন পাওয়া যায় , ওটা খাইছেন ভাই ",1,0.2727272727272727
আর যেভাবে খাও মনে হয় তুমি ভিনদেশী পর্যটক কিভাবে খেতে হয় সেটাই যানো না ভায়া ব্যঙ,2,0.3125
সাংবাদিকরা যদি বাংলার চাইতে প্রতিবেদনে ইংরেজি বেশী পছন্দ করেন তবে প্রতিবেদনটা ইংরেজীতে করলেই তো পারেন,2,0.2
নাক দিয়ে তরকারি ঘেরান নেওয়া,1,0.4
"নোংরা পরিবেশ , বিচ্ছিরি স্বাদের খাবার আর অতিরিক্ত মূল্যের সমন্নয় হলো বিউটি বোর্ডিং ",2,0.23076923076923078
ভাই আর্মিদের রিসোর্টে কি সাধারণ মানুষ উঠতে পারে না,0,0.2222222222222222
তাহলে আমি হয়তো ঠকেছি ! অথবা ভাড়া বেড়েছে : ),1,0.2
মিরপুর ক্রিকেট স্টেডিয়ামের ৪ নং গেটের অপজিটে । ডায়েস বাংলাদেশ শোরুমের সামনে,0,0.4166666666666667
ভাইজান আপনের ভিডিও সব দিখী খুব ভালো লাগে থ্যাংকস,1,0.3333333333333333
"সর্বপ্রথম আমি ধন্যবাদ জানাই মাননীয় প্রধানমন্ত্রীকে , তিনি বর্তমানে মাদক এবং দূর্নীতি বিরুদ্ধে যে অভিযান চালিয়েছে এবং কিছু দূর্নীতিবাজ লোকদেরকে গ্রেফতার করেছে ",1,0.22727272727272727
একটা প্রশ্ন ছিল । সাজেক ভ্যালি বাংলাদেশ আর্মি নিয়ন্ত্রিত এলাকা বলেছিলেন । সেখানে ভারতীয়রা কি যেতে পারে ? অগ্রীম ধন্যবাদ,1,0.25
হ‍্যা ভাই । বিবেকানন্দ রোডে,1,0.4
ঢাকায় ইন্ডিয়ান থালীর রিভিউ দেখাবেন,1,0.2
১০ অথবা ১৫ আগে না কাটলে ভালো সিট পাবেন না,0,0.2
শুধু কি র্পাসফুট হলেই হবে নাকি ভিসাও ব্যস্বতা করতে হবে জানাবে আমি ওআার পরিবার যেতে চাই টুটাল 3জন,1,0.3888888888888889
তোরা এক মাদারি । অার কারো বাড়ি পাশনাই ,2,0.25
আপনাদের মত সৎ সাহসী সাংবাদিকরা হলো মনি মুক্তার মত আল্লাহ রাব্বুল আলামিন আপনাদের কে জালিম দের হাত থেকে হেফাজত করুন দয়া করে আপনার সাথে কথা বলতে চাই কল করবেন ব্যাক করবো 01831819223,1,0.1875
সৌদিতে লাগবে মাএ 25 মিনিট,1,0.2
সরকার চাইলে গরিবের টাকা টা আদাই করে দিতে পারে পুলিশ পসাসন এর দিসটি আকসন করছি,1,0.26666666666666666
এরকম ন্যাক্কারজনক কাজ এখন বর্তমান পুলিশের দ্বারাই সম্ভব,2,0.25
"ভাই একবার খাইলে ২ য় বার আবার না আসলে , আমি ট্রিট দিমু আপনাদের ",1,0.21428571428571427
হিল্লোল বদ্দা রে খাবাইয়েরে শেষ গরি ফেলাইয়ে । ধন্যবাদ চট্টগ্রামের খাবার নিয়ে ভিডিও বানানোর জন্য,1,0.26666666666666666
সাংবাদিক তার ধনটা শুশেদে কুত্তার ,2,0.4
"আস্তে আস্তে বল করমু পারলে মাইরো ছয় , আমি কামলা খাইট্টা যামু তোমরা কইরো জয় । ❤ ️ ❤ ️ ",1,0.3
গুল্লু ভাবিকে একটু বেশি করে দেখাবেন ভাইয়া । শি ইজ ড্যাম কিউট,1,0.3333333333333333
ডিসেম্বারে খুব শীত থাকে । না যাওয়াই ভালো । ফেব্রুয়ারি থেকে মে হল পার্ফেক্ট টাইম,1,0.2
6 । মুহাম্মদ ( সাঃ ) এর আনিত ধর্ম ( ইসলাম ) এর কোন বিষয় অথবা ধর্মীয় ছওয়াব বা শাস্থির ব্যাপারে ঠাট্টা - বিদ্রূপ করা,0,0.24
জাহান্নমে এর চেয়ে 1000 গোন বেশি ঝাল খাওয়াবে জাহান্নামি দের,2,0.4
"হাসিনা তন্ত্রে এমন গঠনা , বঙ্গবল্টুর সপ্ন ",0,0.42857142857142855
মাদারচুদের লজ্জা নাই এখনো আতহততা করে না কেন,2,0.25
নুর ভাই তুমি এই বাংলাদেশের জন্য অহংকার এগিয়ে য়াও সামনে শোদিন আসছে । ইনসাআললাহ । তুমি একাই একশয় । তুমার জন্য মন ভরে দোয়া করি,1,0.2
আরে নাস্তিকের বাচ্চা আল্লাহ বাচিয়েছে,2,0.4
মাদারচোদি দেশে আবার নীতি কথা চুদায়ে লাভ কি,2,0.25
"গ্রামীণ ফোনের ভিডিওটি এবং আপনার এডিটিং খুবি ভালো ছিল , যেটা প্রশংসা পাওয়ার যোগ্য । আপনিকি গ্রামীণের সাথে আছেন ? না আপনার ভিডিও ওরা সিলেক্ট করেছে যানাবেন ",1,0.18518518518518517
"আপনি বাঙালি বললে লোকে হাসবে ! আপনি কাসুন্দি জানেন না , আপনি ডালনা কি জানেন না ",2,0.1875
আই হাই খানকি পলা আরুম করা কে,2,0.2857142857142857
মাশাআল্লাহ জাযাকাল্লাহ খাইরান ,1,1.0
"ভাই বাংলাদেশে সুশি আছে , কোন জাগায় বলবেন একটু , আর আমি তো সুসির সেপ ফরোম ইটালি আসা আছে বাংলাদেশে একটা সুশি রেস্টুরেন্ট দিবো ",1,0.25
এমন গাজাখুরি খবর সত্যিই হাস্যকর,2,0.2
2 জন হলে ত চান্দের গারি নিয়া পসিবলনা ত কিবাভে জাব,1,0.36363636363636365
পাসানো হয়েছ । সম্রাট ভাই কে,0,0.3333333333333333
"জত খারাপ কাজ আছে । তার জোন্য পুলিশ দায়ি , কোথাও কিছু হোলে পুলিশ দোইরা পিটাই বেন ",2,0.29411764705882354
"গত বছরের নির্বাচনের আগে সরকার ভারতকে আমাদের বন্দর দুটি সমর্পণ করেছেন । এখন তারা দুই বন্দরকে নিজেদের মতো ব্যবহার করবে , এতে বাংলাদেশের অর্থনৈতিক ফায়দা হবে না মোটেই , কারণ তাদের ব্যবহারের ক্ষতি পোষাতে আরও বেশি খরচ হয়ে যাবে ",0,0.23076923076923078
"আর আমার ভিসায় বুড়িমাড়ি বডার দিছি , আমি কি এখন হরিদাস্পুর দিয়ে ডুক্তে পারব ",1,0.42857142857142855
যমুনার উপস্থাপিকার পোশাক মোটেও গ্ৰহন যোগ্য নয় । এটি আমাদের দেশে বা ধর্মেও গ্ৰহন যোগ্য নয় । এই পোশাকে উপস্থাপনা করলে যমুনা টেলিভিশন তাদের জনপ্রিয়তা হারাবে । তাই আমি বিনীত অনুরোধ করব যে ভবিষ্যতে ভালো গ্ৰহন যোগ্য পোশাক পরে উপস্থাপনা করবেন,2,0.21951219512195122
তদন্তের নামে দামাচাপা শেষ হবে কবে বাংলাদেশের এই সব কূকৃত্তি ,2,0.2
কতো টাকার খাবার খাইছেন বাইয়া একা বার ভাবছেন বাসায়া সবাই মেলে খেতে পাবেন,1,0.3076923076923077
রেনিক বাধ আমার ওনেক পছন্দের,1,0.4
শিয়ালদের বিচার শিয়ালরা করবে তাও বাংলাদেশ ,2,0.3333333333333333
ভাই আপনি গাজিপুর হোটেল নিরিবিলিতে জাইতে পারেন জেখানে ৭০ পদের বরতা আছে,1,0.5
হা কতোঔ না কষঠঔ না পায়ছে এই জারজ লিগ যতো দিন খোমতায় থাকবে ততদিন এমনে করে মানুষকে মরতে হবে,2,0.3157894736842105
সিংগেল গেলেকি চান্দের গাড়িতে যাওয়া যাবেনা,0,0.3333333333333333
উইকিপিডিয়াতে পড়েছিলাম হিটলার ৬০ লক্ষ ইহুদী পরিকল্পিত ভাবে হত্যা করেছিলেন,0,0.5
বিশ্ববিদ্যালয়ের আরবী বিভাগের শিক্ষার্থী মাহমুূদ তাবীব ভাইকে ধন্যবাদ । আর বাংলার গালিবয়ের জন্য শুভকামনা,1,0.21428571428571427
"হ্যা , ফজরের নামাজ আদায় করলে অনেক সুফল পাওয়া যায় ",1,0.3
আরেকটা কথা আদনান ভাইয়ের সাথে প্রায় সবার ভাষাই মিলে সবার ফুড রিভিউ প্রায় এক মেট্রোম্যানই বলেন ফাহিম ভাই বলেন,1,0.21052631578947367
কলকাতার এই একটা ভ্লগই ভাল লাগল । আইটেম গুলা ইউনিক ছিল,1,0.18181818181818182
সিকিম থেকে ফেরার সময় কি আবারো র‍্যাংপু থেকে পার্মিশন নিতে হয়,1,0.18181818181818182
আল্লাহ তুমাদের সবাইকে ভাল রাগবে,0,0.4
তবিব ভাই এক জন জিনিয়েস । লিরিক গুলা খুব যত্ন করে সাজিয়েছে ,1,0.3333333333333333
গত 6 মাসে 2083জন নারী ও শিশু নির্যাতনের শিকার,2,0.2222222222222222
"কোন ধরনের জ্বালই আমার জন্য ব্যাপার না , আমি প্রচন্ড জ্বাল খেতে পছন্দ করি ",0,0.21428571428571427
খাসা রিভিউ । বাংলাদেশ যাবোই,1,0.4
"কুত্তাচোদাগুলা ব্যবস্থা নিবেনা বালও , এদের কথা শুনলেই বোঝা যায় এরা গুম করে অভ্যস্ত ",2,0.2857142857142857
বাংলাদেশী সংবাদ মাধ্যমগুলো দিন দিন পুরাই আবালচোদা হয়ে যাচ্ছে । ডলার কামানোর ধান্ধায় পুরাই গাজাখুরি সব নিউজ বানায় । লেইম পুরাই,2,0.2857142857142857
তিনিত বাংলাদেশের মানুষ ছিল,1,0.25
ভাই খাইলেন মাছ কাইলেন মাখন ? বুঝলাম না কি খাইলেন,2,0.2
ভাই শুধু তো মুখে মুখে বলা আমরা আছি তর সাথে ? আদৌ জীবনে কখনও কোন আন্দোলন কিংবা দাবি প্রতিষ্ঠায় সোচ্চার হইছেন ? আপনারা শুধু পারেন কমেন্ট বক্স গুলাতে কমেন্ট করতে । আপনাদের দৌড় এই পর্যন্তই । তবে নুরুর সাহসীকতাকে অবশ্যই সাধুবাদ জানাই,0,0.2619047619047619
বর্তমানে তথাকথিত শিক্ষিত সমাজ সাধু চলতি আঞ্চলিক ব্যাঁঙলিশ ইংলিশ ইত্যাদি দিয়ে খিচুড়ি পাকাচ্ছেন কেমন লাগছে ? একটু আচার হলে ভালো হতো,2,0.2857142857142857
কমিশন না দেওয়াতে এত অভিযান চালাচ্ছে,2,0.3333333333333333
সাবাশ নুরু ভাই । আপনারা রাজপত । ছেরে ঘরে ফিরে জাবেন না ঘরে ফিরে গেলে । নেই বিচার পাবেন না,1,0.2
হোসেন আমার ছোট সৈনিক 1218266,0,0.4
ডেসক্রিপশন বক্সেই বলে দেয়া আছে,0,0.4
তোমারে দেখতে কে কইসে ভাই ? ঠিকই তো কাবাব খাওয়া দেখসো আর ডাউল দিয়া ভাত খাইসো । ব্যাপার না । কুরবানী ঈদ এর পরে গোস্ত খাইও,1,0.2692307692307692
সুশিক্ষাই জাতির মেরুদন্ড ,1,0.6666666666666666
ভাইয়া জেলাস ম্যাম কেই তো আগে দিবেন,0,0.42857142857142855
খুলনায় ফুলবাড়ীগেট আমি দুই টাকার সিংঙ্গারা খাইছি,1,0.42857142857142855
আমি তো সিউলে দেখলাম র‍্যামেন বলছে,1,0.3333333333333333
লটারি আয়োজকরা সবচাইতে বড় চোর,1,0.2
বড়াপাও এবং আমাদের বনচপ থেকে দুটোর নাম এবং উপাদানই আসলে বিদেশি,1,0.36363636363636365
আপনার হাঁসের মাংস খাওয়া দেখে লোভ সামলাতে না পেরে আম্মার বলে দিয়েছি আজ ই হাঁসের মাংস আর রুমালি রুটি করে দিতে হবে,1,0.2727272727272727
"এই ফ্রাইডে আমি যাবো , কারণ আই লাভ ফালুদা অ্যান্ড লাচ্চি ",1,0.2727272727272727
সত্যের সন্দান আমি পেয়েছি আশাকরি আপনিও পাবেন । তাই আজ থেকেই বেদ এবং কুরআন নিয়ে পরা শুরু করুন ,1,0.2222222222222222
"আমারা সবাই তাব্লিগ এ গিয়ে সুধু অজু ভাংার কারন জানি , কিন্তু ঈমাণ ভঙ্গের কারণ সমূহ জানিনা ",0,0.35294117647058826
"সঠিক তদন্ত করে তার লটারির টাকা পাওয়ে দেওয়া হোক , মিথ্যা ভেলুটির কোনো শেষ নেই , সোচ্চার ও রুখে দাড়ান , তার প্রাপ্য টাকা ",1,0.20833333333333334
এতো দামি একটা সিনামার নায়ক সিলেক্ট করার জন্য । এমন মাদারচোদ ও মাগীচুদা ছোটলোক কুকুরের বাচ্চাদের বিচারক সিলেক্ট করাই ঠিক হয় না,2,0.22727272727272727
সিসিটিভি ফুটেজ এ দেখা যাচ্ছে পুলিশের চেহারা শুয়োরগুলোকেও আগে ধরা দরকার আর পুরো মতিঝিল আর রমনা পুলিশের সমস্ত পুলিশদের পাহাড়ে পাঠিয়ে দেয়া উচিত ,2,0.21739130434782608
উনি সব চিনলেন আর নিজেকে চিনল না ?,2,0.25
পাপনের গলায় জুতার মালা পড়ানো দরকার ,2,0.3333333333333333
আমি খোঁজতে খোঁজতে পাইলাম না । শেষ পর্যন্ত দেখতে হল,0,0.2
কুকু বাছা ডাং জুতাদিয়া পিটানো আছিগ,2,0.8333333333333334
পুলিশলীগ কি শুধু জঙ্গী দের খুজে বেরাই এখনতু দেখছি জঙ্গীর চেয়ে ভয়ানক হলো কুখ্যাত ছাত্রলীগ,2,0.4
"তাহলে ক্যাভিয়ার দিয়ে খান ! ভর্তা আমার মতো বড়লোকদের খাবার , আর ক্যাভিয়ার আপনার মতো গরিবদের জন্য ",0,0.23529411764705882
গরিভের দুঃখ আল্লাহ ছাড়া কেহ বুঝেনা ,1,0.5
বাজের ত লিমিট আছে ঐটার কোন লিমিট নাই,0,0.5
"জীবনের কঙ্কাল টা কাছ থাইকা দেখি , কিছু কিছু প্রশ্ন আছে মনের মইধ্যে রাখি. ",1,0.2857142857142857
আপু আপনি এগুলো কি ধরণের পোশাক পরেছেন ? খুব শালীন দেখাচেছে কি ,2,0.25
তারাশঙ্কর বন্দোপাধ্যায়েরও একটা উপন্যাস আছে সপ্তপদী । উত্তম থেকে সুচিত্রার ছবিটা ঐ উপন্যাসের উপর ভিত্তি করেই নির্মিত কিনা জানি না,0,0.45
চাএলিক এত খারাপ ভাবতেও অবাক লাগে এভাবে মানুষ খুন করতে পারে চাএলিগ,0,0.25
খানকির পোলাদের রড গরম করে ঠান্ডাটুকো ভিতরে ডুকিয়ে দিতে হবে আর গরম টুকো বাহিরে রাখতে হবে যে কেউ হাত লাগিয়ে বের করতে না পারে । বেজম্মারা আইনের লোক না সন্তাস,2,0.2
তবুও খাবার দেকলে জিবপ জল চলে আসহা হা হা হা,1,0.3
"বাহঃ বাঃ বাহঃ মজা তো , কেন জানি , পাপন কাকুর লগে বন্ধুত্ব করলাম না । করলে তো সাত খুন মাফ হয়ে যেত ",2,0.21739130434782608
এরা মনে হয় পরকালে বিশ্বাস করে না । নাইলে এমন পাপ কাজ করার সাহস পাইতো না,0,0.1875
এই জোকগুলো এতদিন ধরে শুধু চুষেই গেছে ꫰ মনে হয় বাইরের কাউকে কোনদিন কিছুই দেয়নি ꫰ তাই এখন বাইরের কাউকে দিতে ফেটে যাচ্ছে,0,0.21739130434782608
শরিরটাকে শুকনা শুকনা মনে হচ্ছে,0,0.6
"বাই রোড বেনাপোল , বাই ট্রেন গেদে , আর বাই এয়ার । ভিসায় উল্লেখ না থাকলেও সবার জন্য ফ্রি । যেতে পারবেন ",1,0.18181818181818182
সিলেটের পাচ ভাই আর পানসি তে এতো ভিড় হয় যে আপনাকে টেবিলের পাশে দাঁড়িয়ে থাকতে হবে একজন উঠলে যাতে বসতে পারেন । মাগনা খাবারেও এতো লাইন লাগেনা,1,0.2962962962962963
অপেক্ষার অবসান হলো । প্রানের ক্যাম্পাসের পছন্দের খাবার ,1,0.5
ভিন্ন মতের অব্যশই প্রয়োজন আছে,0,0.4
প্রকৃতির সাথে লড়াই করার ক্ষমতা আমাদের কারোর নেই তাই আসুন আমরা সবাই প্রার্থনা করি ঈশ্বরের কাছে যিনি এক মাত্র পারেন এই ভয়াবহ আগুন নিভিয়ে দিতে । তিনিই পারেন তার এই পৃথিবীকে রক্ষা করতে,1,0.21212121212121213
"মানসিকতার পরিবর্তন করুন , দেখবেন সমাজটা কতো সুন্দর হয় ",1,0.2222222222222222
ওটা সুদিপার রান্নাঘর না লিখে লিখা উচিৎ ছিল যে সুদিপার কসাইখানা,2,0.36363636363636365
"অতটা টেষ্টিও না ভাই , মোটামুটি ",0,0.3333333333333333
সুদীপার রান্নাঘরের মালিক কি জি বাংলার সুদীপাদি,0,0.2857142857142857
কোথায় পাভলো এস্কোভার আর কোথায় সম্রাট,0,0.3333333333333333
পিবিআইকে ভালো ভাবতাম । ভেবেছিলাম ওরা স্পেশাল । রসুনের পাছা এক জায়গাতেই গিয়ে মিলিত হয়েছে,2,0.4666666666666667
মাশাআললাহ অসাধারণ আললাহর অসীম মেহেরবান ,1,0.8
বালের হোটেল মাদারের বাচ্চারা,2,0.25
দ্যাখো ভাই তোমরা ১৯৪৭ এর দেশ ভাগ এর সম্পর্কে জানোনা । আর এ না জানার কারনেই আনেকে আজ বলছো জে তারা এদোশি না,0,0.2608695652173913
ভাই কমেন্টের রিপলে দিলে সব সময় সাথে থাকমু,1,0.25
কয়দিনের জন্য বহিষ্কার করল ,0,0.25
আপনি সত্যি কথায় লেখেছেন । তাই আনেকের সত্যি হজম হবেনা,0,0.2
"সত্যিই ভুটানের মনোরম পরিবেশে যে কেউই আনন্দিত হবে । যাঁদের গায়ে রোগের প্রকোপ । ; অর্থাৎ । , ব্লাড প্রেসার , হই প্রেসার , সুগার । প্রভৃতি ভালো হয়ে যেতে পারে । , যদি না কেউ ভূটান মিস না করে ",1,0.25
"এই চিত্তবাবু কাংলাদেশে দোকান খুললে কাংলারা হামলে পড়ে খাবে , জিও চিত্তবাবু , কাংলাদেশে অধিকাংশ দোকানের থেকে এই খাবার অনেক ভালো ",1,0.38095238095238093
"এরা তো পাকিস্তানী হায়েনাদের চেয়েও খারাপ । কুক্তাকে আবার মাথায় হিলমেট পরে নিয়ে চাচ্ছে , ওকে তো আফ্রিকান মাগুর মাছের খামারে কেটে কেটে ফেলে দেয়া উচিৎ ",2,0.2692307692307692
আমি রানা হারা বছর সেহরী ছাড়া রোযা,1,0.2857142857142857
*আমরা গেলেই গুন্ডা ফোন্ডা হেরা গেলেই আইনের লোক এইটা কিশোরগঞ্জের ভাষা*,2,0.45454545454545453
"পুলিশ নাকি সন্ত্রাসী লিডার বুঝা বড় মুশকিল , হয়তো আগে সন্ত্রাসের গডপাদার ছিল ",2,0.3076923076923077
ভাই ভারতে বাসমতী চালের কাচ্চি চলে । আমরা সাধারনত চিনিগুরা পোলাউ চাল দিয়ে কাচ্চি করি,1,0.26666666666666666
মতে বৈশাখকে বসন্তের মাস বলা হয় ,0,0.3333333333333333
"চট্টগ্রামে আসেন অনেক মজার মজার খাবার আছে , যেমন মিস্কিন শাহ মাজারের গরুর মাংস ",1,0.21428571428571427
"অাললাহ কে , কোথায় থাকে , সে তো একটি ভাষা , একজন মানুষ ও একটি দেশের সাথে সমপর্ক দেখলাম , সে অারবি ছাড়া বোঝেনা , নিজের প্রশংসা ছাড়া কিছুই বোঝে না , হাস্য কর এই অাললাহ জিনিসটা হাহাহা ",2,0.21052631578947367
চিংড়ির মালাইকারি কই দেখলাম না তো,2,0.3333333333333333
আমাদের ময়মনসিংহের দাম বাড়িয়ে দিলেন ,1,0.2
ভিডিএএর ২ মিনিটে যে ভাবী আসছিল ওইটা ভাবী পরে না আসলে টেরই পেতাম না,0,0.35714285714285715
"স‌ত্যি‌রে রে ভাই অপরাধ না ক‌রেও কিছু খারাপ মানু‌ষের জন্য অনেক ভা‌লো মানুষরাও জ‌রি‌য়ে পর‌ছে বি‌ভিন্ন মামলায় , আমার দেখা অনেক ",2,0.3333333333333333
বাংলাদেশে সব চেয়ে ভয়ানক ও সান্তসি দল হলো আওয়ালীগ,2,0.2222222222222222
আপনি কলকাতার মানুষের মতোই কৃপণ,2,0.2
দুঃখের বিষয় এই যে হাহা রিয়াক্ট এর কোন অফশন নাই ,2,0.2
"ইহুদী কেনো মারলাম সেটা বিশ্বের মানুষ একদিন বুঝবে , যদি একজন ইহুদী ও জীবিত থাকে ",0,0.26666666666666666
ওদের জ্বালায় তো আর বাঁচি না,2,0.3333333333333333
বাংলাদেশের অবৈধ সরকার ঘুস খোর পুলিশ এবং ডিবি এরা দেশের দুসমন,2,0.18181818181818182
ভাই ন‍্যাড়া মাথায় আপনাকে অসাধারণ লাগলো,1,0.3333333333333333
কুত্তারবাচ্চা পুলিশ কর্মকর্তাটি,2,0.6666666666666666
"এমন হাসপাতাল বন্দ করে দিলে ভাল হতো , সব কয়টা জালিম জর সরদি হলে টেইস দিয়ে হাজার হাজার টাকা হাতিয়ে নেয় এরা ডক্তার নামে পশু কসাই জানোয়ার ",2,0.2222222222222222
"যেটাকে বললেন যে এত কম দামে কি ভাবে দিচ্ছে এত আইটেম , সেটাকে একনিমিক্স এর ভাষায় ইকোনমি অফ স্কেল বলে ",1,0.25
দূর্নীতির দেশ বাংলাদেশ স্যালুট জানাই দুর্নীতি বাজদের দেশের উন্নয়ন করার জন্য,2,0.18181818181818182
১ টাকা আহারে আমিও মাঝেমধ্যে ডোনেট করি । কিছু ভাই আপুরা আচ্ছে যারা ১ টাকা আহারের জন্য ফাউন্ড কালেট করে তাদের রইল অনেক সম্মান এবং ভালবাসা,1,0.2692307692307692
খুব ভাল লাগলো ত্রমন ত্রকটা মোহান মানুষের বাড়ি দেখে দাদা ভাল থেকো,1,0.3333333333333333
ওবায়দুল্লাহ খানকির পোলা তোর মাইয়ারে চুদি । তুই গরিব মানুষের পয়সা কিল্লিগা মাইরা খাইছোস খানকির পোলা । প্রশাসনের এবং দুর্নীতি দমন কমিশনের দৃষ্টি আকর্ষণ করছি । দুর্নীতির মামলা দিয়ে ওবায়দুল্লাহ কে গ্রেফতার করে টাকা আদায় করা হোক,2,0.2972972972972973
আমি চাই জুমুনা টিভি মাধ্যমে ফিরেয়ে দেয়ার হোক,0,0.25
ঐটা ইয়েলো ক্যাপসিকাম । কুমড়া না,0,0.6666666666666666
"মুরগির খোয়ারে মুরগি , শিয়াল বাজাস ঢোল , গিরোসতের কান আছে খাড়া কি করবি আজ বোল মুরগী ★টাকা শিয়াল★পুলিশ গিরোসতো★আসামী ",0,0.55
স্যালুট অফিসার জাহিদুল ভাই ❤❤❤❤❤❤❤❤❤,1,0.2
দেশে এমন কোটি কোটি বেকার বাবা আর যুবক আছে যারা হাজার কষ্টে পড়াশোনা করে সার্টিফিকেট বগলে নিয়ে ঘুড়তেছে ,0,0.2222222222222222
"আমার কাছে মনে হইছে রাইসটা শুষ্ক একটুও জুইসি না , বাট পরিমান আসলেই ভালো ",1,0.21428571428571427
"হুঁ । নিঃসন্দেহে , সেরা সি ফুড আ্যরেন্জমেন্ট ! জায়গাটাও দারুন সুন্দর ",1,0.25
নুরা পাগলা খেপেছে ছাএলীগের বাঁশ ঢুকেছে,1,0.8333333333333334
"ভাইয়া বাংলাদেশ থেকে ভুটানের , হোটেল কিবাবে , বোকিং করতে হয় , যদি জানাতেন ",1,0.21428571428571427
শালা আপদ ঝাল তোর সত্যি লাগছে নাকি সবটাই অ্যাক্টিং করছিস । আর শোন পরেরবার থেকে না মুখটা একটু ভালো করে মুছিস নোংরা লাগে দেখলে পরে,2,0.32
ভাইয়া অপনে একা ভিত্তি ও ভাল লাগে,0,0.2857142857142857
আমার পেটের নিজ থেকে পায়ের তালা পর্যন্ত স্টাম দিয়ে পিটিয়ে তারা স্টাম ভেঙে ফেলে ,2,0.2857142857142857
আলহামদুলিল্লাহ কতো সুন্দর করে বানিয়েছেন আল্লাহ এই পৃথিবীটাকে,1,0.25
"লটারির এই ধুকাবাজি বন্ধ করা দরকার , সরল সাধারণ মানুষকে লোভ দেখিয়ে এক শ্রেণীর মহল টাকা লোটে নিচ্ছে , যমুনা টিভিকে ধন্যবাদ সংবাদটি দেখাবার জন্যে ",1,0.24
"ভাই আপনার কাই দাই ভিডিও টা খুবি ভালো লাগলো , ! কিন্তু সব খাবার শুধু আপনেই খাইলেন আপনার ক্যামেরা ম্যানের কথা এক বারও চিন্তা কোরলেননা ",1,0.2
খুলনা যেয়ে খুলনার ঐতিহ্যবাহি খাবার গুলা খেয়ে দেখতে পারেন,1,0.3333333333333333
এভারিস মিডিম পর্যায়ে খরচ টা কেমন হবে ? একটা ধারনা দিবেন কি,1,0.25
ভাই অনাকে টাকা দিবে কেন উনিত গরিব না । যারা সরকারে আছে তারা নিবে,0,0.21428571428571427
আসলে এখান থেকে অনেকেই অপমান বোধ করে ছেলে মেয়ের সামনে স্ত্রীর সামনে ফ্রেন্ডের সামনে উত্তর না দিতে পারলে একটা লজ্জার ব্যাপার,0,0.19047619047619047
"এই জন্যই মহিলারা কাজে গিয়ে খারাপ হচ্ছে , সংসার টিকে থাকছে না ",2,0.25
ভাই ধীরে ধীরে খান গলায় আটকাইতে পারে,1,0.5714285714285714
"দাদা আপনি এতো খান , যা দেইখাই পরানের ভিতর হুটোপুটি , ছোটাছুটি লাইগ্গাযায় , বড়োই আফসোস হয় , যদি আপনার লগে যাওন যাইতো , তাহলে কিনা হইতো ",1,0.25925925925925924
"যেখানে নির্জন রুম গুলোতে লোহার অস্তিত্ব আছে , সেখানে মেগনেট না রাখলে , হয়তো এমনটা হতো না ",2,0.29411764705882354
ভাইয়া এই রেস্টুরেন্টা কোথায় ,0,0.25
একাতো খুব ইনজয় করছিলেন ? তারপর চাপে পড়ে উনাকে নিয়ে আসলেন । ভালোই ব্যবসা চলাচ্ছেন,2,0.4
আমি ৮৯ কেজি ছিলাম এখন ৭৮ কেজি ! আমি প্রত্যেকদিন কিছু না করলেও দশ প্রকারের দশটা করে পুশআপ দেই ! আমি আপনাদের পুশ আপেরেই উপদেশ দিব !,1,0.25925925925925924
ভাজা মাছ উল্টে খাওয়া + ন্যাশনাল ইন্টারন্যাশনাল ব্লগার ছিল বেশ মজার ,1,0.2727272727272727
দেশ টার ভিতরে চোর আর বাটপারে বরে গেলো,1,0.25
আমাদের দেশে আসলে ৮৬ লাখ ৪ কোটিতে এসে দাঁড়াবে,2,0.3333333333333333
"বাংলাদেশের রেস্টুরেন্টের ভিডিও দেখতে আগ্রহী , কারণ বাংলাদেশ কখনই যাওয়া হয়নি ",1,0.18181818181818182
আল্লাহ তার অনেক নিয়ামত রাজি দ্বারা আমাদের বেষ্টিত করেছেন,1,0.2222222222222222
"আদর করে খাওয়া তো শিখলাম , এইবার ধমকাইয়া , পিটাইয়া কেমনে খাইতে হয় সেইটা শিখান ",2,0.26666666666666666
গোপালগঞ্জ জেলার সদর উপজেলার উলপুর বাজারে ও ১ টাকার শিংগাড়া পাওয়া যায়,1,0.4166666666666667
শতকরা ৯০ শতাংশ অন্যায় কাজের সাথে পুলিশ জড়িত ওদের এই বর্বরতা অমানুষিকতা নিরাময় না করতে পারলে দেশ থেকে মাদকদ্রব্য জুয়ার আড্ডা চুরি ডাকাতি কোনোভাবেই কমবে না,2,0.3076923076923077
এরই নাম ক্ষমতা মুরগি চোরের ফাঁসি মাদকব্যবসায়ীর ফুলের মালা দেয়া হয় দেশে নারী কেলেঙ্কারি ঘুষখোর দুর্নীতিবাজ এরা ক্ষমতার দাপটে পুলিশ হাতকড়া পরাতে ভয় পাই এর নাম পাওয়ার অব দ্য ডিজিটাল ,2,0.3
বাদশা ভাই এর জীবন কাহিনীর মত,1,0.3333333333333333
- আমার উচ্চতা 5 ফিট 11 ইঞ্চি ,0,0.2857142857142857
নাড়ি নেত্রীতের গজব পড়েছে বাংলাদেশে,2,0.4
মাদারচোদের বাচ্চাকাচ্চা কানকিরপুলা হলো বিসিবির সভাপতি,2,0.5
খাবার মুখে নিয়ে একটু খেয়ে আবার বের করাটা ভালো লাগেনাই,2,0.2
২৭ বার বার্বিকিউ নেশন এ গেছি,1,0.5
সম্রারের পেছনের লোককে ধরতে হবে,0,0.4
সব জাগায় ওবিজান চালিয়ে নোংরামী বন্ধ করা হুক নয় তা আল্লাহ হর আযাব এসে যাবে,0,0.26666666666666666
"চট্টগ্রাম বিশ্ববিদ্যালয় ক্যাম্পাসে এলে অবশ্যই এখানকার ফুচকা খেয়ে দেখবেন.তিনটা দোকান আছে.মামার ফুচকা , সিরাজ মামার ফুচকা , মতলব স্টোরের ফুচকা.অসাধারণ বানায়. ",1,0.42857142857142855
আপনার পাঙ্গাস মাছের মজার মেসেজ টা আমার খুব ভাল্লাগছে মাখনের মতো,1,0.18181818181818182
মিরপুর 11নম্বর বড় মসজিদ থেকে বের হয়ে আসতে অনেক বেশির মজার শিক কাবাব পাওয়া যায় দাম মাঝারি ধরনের হয়,1,0.21052631578947367
"চট্টগ্রাম বিশ্ববিদ্যালয় ক্যাম্পাসে এলে অবশ্যই এখানকার ফুচকা খেয়ে দেখবেন । তিনটা দোকান আছে । মামার ফুচকা , সিরাজ মামার ফুচকা , মতলব স্টোরের ফুচকা । অসাধারণ বানায় ",1,0.18518518518518517
"ডিসির জায়গায় যদি মসজিদ মাদ্রাসার ইমাম অথবা শিক্ষক হত , এতক্ষনে সুশীল চেতনাশীলদের আওয়াজে থাকা যেত না  ",2,0.4117647058823529
হায় রে মুসালমান বিশ্বের মাজে ১ নাম্বার কয়েক বার হইছে কুরআন প্রতি যুগিতায় তাদের কে খুযে বের করতে পারেন্না,2,0.3157894736842105
"২০ টাকা দাম শুনেই হার্ট এটাক হওয়ার অবস্থা , ! ? জানতাম যে ওটা একটা কন্জুস , কৃপন আর ভুখা নাঙাদের ডিপো , কিন্তু সেটা যে এতোটাই ভয়াবহ , তা কিন্তু ভাবতেই পারিনি ",2,0.30303030303030304
অতপর ছোট লোকের দল পালায়ন করেন ,2,0.3333333333333333
গরু নাহ রে ভাই মহিষের তেহারী,0,0.3333333333333333
বানিজ্য মেলার বিভিন্ন খাবার নিয়ে একটা পর্ব হতে পারে :,0,0.2
অনেক ভাল লাগলো দেখে । অনেক পরিশ্রম করেন তারা । আর তাদের পরিষ্কার পরিচ্ছন্নতাও প্রশংসা কুরানোর মতো,1,0.17647058823529413
আর কত নিচে নামবে আমাদের দেশের কথিত পুলিশ নামদারি পশু যাদের জন্য পুলিশের উপর থেকে মানুষের আস্তা ও বিশ্বাস উটে যাচ্চে,2,0.23809523809523808
তাহলে পৃথিবীর বুকে আল্লাহকে অমান্য করার কোনোও ইহুদিও থাকবেনা ❤ যে যার আমলনামা অনুযায়ী আখিরাতে বসবাস করবে ,1,0.23529411764705882
ভাই আপনার নেচারাল মুভমেন্টের জন্ন ধন্যবাদ,1,0.3333333333333333
দন্যবাদ পুলিশ অফিসার সেইসাথে স্বপনকে,1,0.6
টিকিটের নামে এসব ধান্দাবাজী দেশে বন্ধ করা উচিৎ,0,0.25
আমার ও ভাই তোমার মোতো ঽয়ে ছে ,2,0.2857142857142857
আমরা দর্শন সামিয়ার খুলি কে দেখতে চাই,2,0.42857142857142855
"এগুলা বাদ দিয়ে নাটোর আসেন , গরুর গোস্ত আর মেহমান দাড়ি গুলা দেখবেন হোটেল গুলার , বাসার কাছের গুলায় গিয়ে লাভ নেই ",1,0.22727272727272727
আপনি ঢাকা জেলার মানিকগঞ্জ এর মহাদেবপুর গ্রাম একবার দেখবেন,0,0.2222222222222222
"ভাইজান সিলেট আসলেন , আর শাহাজালাল বিশ্ববিদ্যালয়ের ফুছকা-চটপটি ট্রাই করলেননা , মিছ করলেন । মনে অনেক কিছুই মিসই করবেন ",2,0.2631578947368421
আপনার মত সাংবাদিক ভাইরা থাকতে এইসব ফুলিস থাকবে না এরা অচিরে হারিয়ে যাবে আবদুল্লাহ তুহিন ভাই একজন খাটি মানুষ খাটি সাংবাদিক,1,0.2857142857142857
এই গুলা বাটপার অমানুসের বাচ্চা দের জুতা দিয়া পিটাইয়া মেরে ফেলুক জনগন,0,0.25
"বোঝাগেল , বাংলাদেশে চাকুরি (কর্মস্তল) আছে চুরি করলেই চাকরী পাওয়া যাই , ভাল মানুষের , ( সৎ ভাবে চললে) চাকরী পাওয়া যাইনা ",2,0.22727272727272727
ছাত্রলীগ কুত্তালীগ । ছাত্রলীগ জানোয়ারলীগ । ছাত্রলীগ বদমাইশলীগ,0,0.25
বাংলাদেশের প্রতিটি পাবলিক ভার্সিটির একি হাল,1,0.3333333333333333
"উন্নয়ন এর জোয়ার এ ভাসছে নেতা কমি , সাবাস বাংলাদেশ ",0,0.3
"নারে ভাই ফলস না , আপনি একদিন খেয়েই দেখেন ",0,0.3333333333333333
অনেক খাইছি । কোরিয়ান খাবার খুব সুস্বাধু,1,0.2857142857142857
আমি শুনেছি সৌরভ গাঙ্গুলির পূর্ব পুরুষের বাড়ি ছিল বর্তমান বাংলাদেশের কুমিল্লা জেলার দাউদকান্দি উপজেলায়,1,0.2857142857142857
"আমরা চাই , দূর্নিতি বাজ চোরের দলকে সকল পদ তেকে বহিস্কা করা হউক , এদের জন্য আমাদের দেশের দূর্নিতি দূর হচ্ছে না  ",2,0.18181818181818182
কঠোর হস্তে দমন করা হোক এটি জাতির প্রত্যাশা । তবে এই দিকে প্রতিবাদী মরহুমা বোন নুসরাত এর বিচার কি আর হবে না,0,0.2727272727272727
"আপনি বাঙালি বললে লোকে হাসবে ! আপনি কাসুন্দি জানেন না , আপনি ডালনা কি জানেন না ? ",2,0.17647058823529413
কিন্তু আপনারা লেট করে বলছেন ,0,0.2
কবিরাজি টা ইন্টারেস্টিং লাগছে,1,0.5
"যমুনা টিভিকে ধন্যবাদ , আপনারাই ভালো কিছু তুলে ধরতেছেন ",1,0.2222222222222222
বর্তমানে কোনো বিয়েতে সিংহভাগ খরচ হয় খাওয়াতে । একটি বিয়েতে বর পক্ষের আগের মতো কোনো চাওয়া বা দাবি থাকে না । দুইপক্ষ‌ই চায় ভালো করে যেন আপ‍্যায়নটা করে দেয় উভয় পক্ষ ,0,0.1935483870967742
রাব্বানী হোটেলে নাস্তার রিভিউ দেয়া হইছে,0,0.3333333333333333
কি দুনিয়ায় এসে পরলাম আল্লাহ আমাদের সঠিক পথ দেখান.আমিন,1,0.2222222222222222
খুলে দে ভাই সবাই লুটে পুটে খাওয়া মাগীদের দেখুক,2,0.4444444444444444
"সবগুলোই আমার প্রিয় খাবাররে ভাই , দেশে আসলে যাব ওনার হোটেলে ",1,0.18181818181818182
ভাই ঘাইমা যাইতেছেন । এসি নাই ? তাহলে তো ১৬ আনাই বৃথা,2,0.3333333333333333
দেশে থাকতে কতবার খেয়েছি পাচঁ ভাই রেষ্টুরেন্টে হিসাব নেই । এখন বিদেশে থাকায় আর খাওয়া হচ্ছে না,1,0.17647058823529413
"আমাদের বাংলাদেশ এর বান্দরবান , রাংগামাটি , খাগড়াছড়ি মতন এই রাস্তা গুলো ",1,0.25
অফ সিজনে ফিলিপিন্সের ভিডিওগুলো দিয়েন,1,0.2
"অসাধারন দাদার বাড়ি , মন্ডল জুয়েলার্স , নজিপুর বাজার নওগাঁ , ০১৭১৮০৭৪১৫৮ ",1,0.4166666666666667
"বকাচোদার বাল , ফাটা কনডমের ফল । ফকিন্নি ",2,0.5
ওতদিন ধরি সাবসক্রাইব করছি একটা দিন দাওয়াত দিলায়না রেবা,0,0.6666666666666666
"মাননীয় শেখ হাসিনা , সময় খুবই খাৱাপ আসতেছে আপনি দুৰ্নীতিবাজ পুলিশদেৱকে সামলান । বি এন পি পাৱবে না আপনাকে হটাইতে কিন্তু পুলিশ বাহিনী ঠিকই পাৱবে ।  ",2,0.2692307692307692
পাখির কিচিরমিচির টা চমৎকার,1,0.5
হায়্য রে বাংলাদেশ কুত্তার বাইচ্চা তর খারনে দেশের এই অবস্তা,0,0.4
রিয়াদ বাতা মাকেট বাংগালী আসুন,0,0.6
"ভাইয়া , কিছুই বরার নাই ",1,0.2
আপনার ভিডিও বরাবরি ভালো লাগে । আপনি আদি শুক্রাবাদ রেসটুরেন্ট এ খেয়ে আসতে পারেন ভাইয়া । ১৯৮৭ সাল থেকে উনাদের দোকান । খাবার খুব ভালো । প্রাইজ রিযেনেবল,1,0.21428571428571427
"ইন্ডিয়া এলে আসানসোল আসবেন , আপনার আমন্ত্রন রইলো ",1,0.25
ডিসলাইক দিয়েছে সেই সকল ভেড়া,2,0.2
কংগ্রেস ভাইয়া এন্ড ভাবি ❤,1,0.2
ভাই আপনার খরব আমার খুভ বালো লাগে,1,0.2857142857142857
"দেখেই খেতে ইচেছ করছে । লোকেশনটা জানাবেন , দেশে আসলে খেতে চাই ইনশা আল্লাহ্ ",1,0.21428571428571427
মাইক্রোফোনের শক্তি বেড়ে গিয়েছে ইদানিং । শ্বাস নেবার শব্দও পারলে শুনিয়ে দেয়,1,0.4166666666666667
"পাপন একটা কুলাঙ্গার হারামি বদমাইশ জঙ্গি উগ্র খুনি কুশিক্ষিত সন্ত্রাসীদের গডফাদার , পাপইন্যে হালারে জুতার মালা পড়িয়ে দাও ",2,0.4444444444444444
একমাত্র আল্লাহ চাইলেই হবে আল্লাহ সব ক্ষেত্রেই সব ক্ষমতার উপর ক্ষমতাবান ইনশাআল্লাহ আগুন বন্ধ হয়ে যাবে,1,0.1875
গোমুত্র মিশিয়ে দেয় না তো আবার,2,0.3333333333333333
"এইটা না হয় হলো ! কিন্তু , যেখানে সরাসরি সারচ দিয়ে পর্ণ দেখা যাচ্ছে , সেখানে পৃথিবীর শিশুদের মানসিক স্বাস্থ্য এর কথা কে ভাববে ",1,0.20833333333333334
ওমর ফারুক কে জরুরী গ্রেফতার করা হুক সালাই আসল মাদার চুদ,2,0.18181818181818182
"এইটা না হয় হলো ! কিন্তু , যেখানে সরাসরি সারচ দিয়ে পর্ণ দেখা যাচ্ছে , সেখানে পৃথিবীর শিশুদের মানসিক স্বাস্থ্য এর কথা কে ভাববে ",1,0.20833333333333334
এই সব প্রতারকরা প্রতি বছর সরল প্রাণ দরিদ্র মানুষের কাছ থেকে কোটি কোটি টাকা হাতিয়ে নিচ্ছে আর দেবারবেলায় টালবাহানা । সরকারের এদিকে নজর দিতে অনুরোধ করছি । সমস্ত প্রকার লটারি বাংলাদেশে বন্ধ করা হোক,0,0.17647058823529413
"সাবাস , এই চুক্তি বাতিল করতে ছাত্রসমাজ প্রস্তুত । ❤ ",0,0.2
ভাই চোরে তো চোর কে সাপট করবে সেটা তো সাভাবিক ,2,0.2
খাওয়ার সাউন্ড থম থম আওয়াজ,1,0.4
এই শুয়োরের বাচ্চারাই এদেশের আসল দস্যু,2,0.3333333333333333
তোমরা কেন যে এই কুফা হায়নাটার নাম নাও সেইত এইসব ঘটাচ্চে । গুন্ডা বাহিনী পালছে গদি হারানো ভয়ে । প্রতিদিন এইসব ঘটনা না শুনলে তার ঘুম হবে না । নারি জাতির কল্কক সে ,2,0.30303030303030304
আজকে আপনাকে আর ভাবি কে টিএসসি তে দেখলাম । হেঁটে যাচ্ছেন ,1,0.18181818181818182
ঠোটের কালাটা ভালো লাগলো না,2,0.4
"আর একটা কথা , আপনার জনপ্রিয়তা এপার বাংলায় যেভাবে বাড়ছে , তাতে এখানে সিনেমায় নাটকে অভিনয় করলে হল ভরা দর্শক হবেই । ইচ্ছা রইলো আপনাকে এখানকার পর্দায় দেখার ",1,0.17857142857142858
সরকার সব চোর ডাকাতকে প্রশাসনে ঢুকিয়েছে,2,0.5
তার মানে টেন্ডুলকারের থেকেও বড়,1,0.2
কেল্লার গেইট থেকে 100 - 150 মিটার পশ্চিমে গেলে হাতের বাম পাশের দোকান ,0,0.38461538461538464
এই সমস্ত হাসপাতলে গরিবরা যায় না । বড় নেতারাই যায় । তাদের দেখা দরকার,2,0.21428571428571427
অনেকেই ক্যাম্পে বোবা খেতে গিয়ে বাবা নিয়ে ফিরে গেছেন,2,0.2222222222222222
বেসসা পোতিতায় বাংলাদেশ সির্সে,2,0.75
ভাইয়া আপনি চুলে কালার করেন । পাকা চুল উঁকি দিচ্ছে,2,0.3
বড় শিল্পী হয়ে উঠো রানা ,1,0.2
পাপন নিজেই এসবের হর্তাকর্তা,2,0.25
৫ ওয়াক্ত নামাজ পড়ুন নিয়মিত ভাবে । পেটে চর্বি জমবে না,1,0.2727272727272727
এর চেয়ে আমার মখলেস মামার চটপটির দোকান ভাল,1,0.25
সময় টিবি এমন কথ বলবেন না,0,0.3333333333333333
রাতে হোটেলে খাবি তাহলে ভাতারের ধোন চুষবি কখন,2,0.375
লাল পিঁপড়ের কামড় তো অনেক ভালোই ছিল । এডিস মশা না থাকলেই হল ,2,0.23076923076923078
পিবিঅাই ( পুলিশ ব্যুরো অব ইনভেস্টিগেশন কে ) অাগে ভাল ভাবতাম এখন দেখি ওরা অারও বেশি খারাপ,2,0.35294117647058826
এলিফেনট রোড মামুন বিরিয়ানিটার রিভিউ করা যায় কম দামে বেস্ট কাচিচ ,1,0.36363636363636365
কুকুরের বাচ্চাগুলার অন্তরে একটুও মায়াদয়া কি ছিলো না ?,2,0.3333333333333333
আদি শুক্রাবাদ হোটেলে যেতে পারেন ভাই । উনাদের চিকেন গ্রিল আর বুন্দিয়া টা খুব ভালো,1,0.26666666666666666
কাটাখালির কালাভুনা অবশ্যই ট্রাই করবেন ,1,0.4
চোর পালাতে চোরের সহযোগিতা,2,0.25
ভেটকি মাছের কাটা ৫০ টাকা কেজিপ্রতি । ভালোই আহাম্মক হেয়েছেন সুদীপার ডাকাতঘরে খেয়ে,2,0.38461538461538464
বাতাসী মাছ বলে যা দেখিয়েছে তা সামুদ্রিক মইল্লা মাছ,2,0.4444444444444444
ভাইয়া আমি উত্তরায় থাকি আমি ছিনুক খাব কোথায় পাব উত্তরার কোন রেস্টুরেন্টে,1,0.25
আপনার বৰ্ণনা ভঙ্গি অসাধারণ ভাই । মন্ত্রমুগ্ধের মতো শুনলাম আর দেখলাম,1,0.2727272727272727
"ভাই , আমি আগে কখনো যাইনি । এই জন্যই জানতে চাইছিলাম যে , ইমিগ্রেশনের সময় কি ডক্টর এ্যাপয়েনমেন্ট লেটার দেখতে চায় কিনা । কারণ যেহেতু এটা মেডিকেল ভিসা , তাই ",1,0.2
রেস্টুরেনটে কলাপাতার উস ! বাংলাদেশে এমন টা হলে লোকে হাসবে খাবেকি…তবে কালচারাল একটা বেপার আছে যা ২ বাংলায় ২ রকম ভারতীয় দের জন্য ইলিশ ও খিচুরির দাওয়াত রইল…,1,0.35714285714285715
সুদিপের হোগার মদ্ধে সাদা ভাত ভইরা ঝাকি দিয়া পানির বোতল দিয়া বাইড়াইতে হবে,2,0.46153846153846156
আমার পরিচিত একজন চেন্নাইতে যাবে কিন্তু উনি ইংরেিজীতে এবং হিন্দিতে বলতে এবং বুঝতে পারে না । তাহলে কি করবে । আপনিার কি কোন লোক আছে চেন্নাইতে,1,0.19230769230769232
সরকার হঠাৎ করে এমন কিছু কাজ করতেছে চমকে উটার মত । আমাদের আইন শৃঙ্খলা বাহিনী কি আগে জানত না মনে করেন ? পুলিশ টিকই জানত তাদের মাস শেষে মাসোয়ারা দেওয়া হত তাই তারা নিরব,1,0.2647058823529412
তোমারে দেখতে একটা মাগি লাগি পতিতা,2,0.3333333333333333
আপনি সত্যি কথায় লেখেছেন । তাই আনেকের সত্যি হজম হবেনা ,0,0.2
ভাই আপনি তো শুকায়ে গেলেন,1,0.2
আপনাকে অনেকে অনেকে ধন্যবাদ ভাই । এতো কষ্টকোরে সবাইকে এতসুন্দর একটি ভিডিও দেখার সুযোক কোরে দেয়ার জন্যে,1,0.23529411764705882
ক্যামেরাম্যানকে আরো কেয়ারফুল হতে হবে,1,0.4
কেচিতে ধার নাই আমি এক টা কেচি দেই হা হা হা,1,0.2727272727272727
ভাই দক্ষ ক্যামেরাম্যান হইলো ভাবি,1,0.2
প্রায় রাস্তা থেকে রাজরানি,2,0.5
"ইরানের উত্থান ইসরায়েলের জন্য সব চেয়ে বড় হুমকি , সাথে সাথে সুন্নী মুসলিমদের জন্যও হুমকি হবে , ওখানে ইরান আরবের মধ্যে অনারব দেশ , জাতিগত সমস্যাতো আছেই ",0,0.25925925925925924
৩০০ ফিটের খাবারে গু থাকে সেই গু না জেনে আমরা খাচ্ছি ছি ছি একবার দেখাইছিল টিভিতে এর পরে আর ফিরেও তাকাইনা,2,0.19047619047619047
আমরা চাই আদনান ভাইয়ের বিডি ও তে । উনি খাওয়া শুরুর আগে বিসমিল্লা টা বলে শুরু করে,1,0.17647058823529413
1 : 12 এই লোকটার মতো যদি আমিও ওর পাসায় একটা লাত্থি দিতে পারতাম আমার কইলজা টা ঠান্ডা হইতো,0,0.21052631578947367
ভাই উত্তরার ভাগ্যকূল এ আসেন,1,0.4
ধন্যবাদ অাপাদের সবাই কে এমন মহানুভবতার জন্য,1,0.2857142857142857
নাহলে কেমনে মিরপুরের শিয়ালবাড়ীর বাদশাহী কাচ্চি কে আপনে পচিটিভ রিভিউ দেন,1,0.36363636363636365
"ভাই , আপনার ভ্লগ চ্যানেলে বিভিন্ন বিষয়ে ভিডিও আপলোড করতে পারেন । যেমনঃ শপিং , ফ্যাশান সচেতনতা , ফর্মালি কথা বলার ধরণ , থিয়েটারের বেসিক আর্ট , যেসব জায়গায় ট্যুরে যান , সে জায়গাগুলোর ইতিহাস ইত্যাদি ",1,0.3055555555555556
কাকাবাবু ঝাল নুন খাচ্ছেন,0,0.5
তাওমিদ ভাই অাপনার জন্য ভয় হয় । ইমরুল কায়েসকে নিয়ে রির্পোট করায় সময় টিভির সাংবাদিককে হেনস্তা করছে বিসিবি । অার অাপনি অাজকে লোকমানের বিরুদ্ধে রির্পোট করছেন অাপনার সাথে অাবার কি ধরনের অাচরন করে তা চিন্তার বিষয়,1,0.2222222222222222
"‌জিভ , টাগড়া সব কিছু অসার হ‌য়ে যায় সেই কষ্টকর অনুভূ‌তিটা ফিল করতে ভালবা‌সি ",1,0.5
কিবাভে বুঝলেন জেলে গিয়ে আরাম আয়েসে থাকবেন তিনি,0,0.25
"আল্লাহ সব্বাই কে খারাপ কাজ থেকে বিরত রাখ আমিন , সুম্মা আমিন ",1,0.3333333333333333
ভাই আপনি দিনে দিনে এতো সুকিয়ে যাচছেন কেন,1,0.25
* ভারতীয় ভাই বোন মায়েদের বাংলাদেশে আসবার নিমন্ত্রণ রইলো *,1,0.2
* ডাব সরবতের রেসিপি আচার্য প্রফুল্ল চন্দ্র রায়ের মস্তিষ্কপ্রসূত । *,0,0.5454545454545454
কানকিমাগির পুলা পুলিশ তর মায় তরে জর্ম দিছে পাটখেতে বুসকির পুলা,2,0.45454545454545453
আপু আপনার মাথা একটু কম নাড়ান । এটা কি কোনো ব্যয়াম,2,0.18181818181818182
শুধু বিশ্ববিদ্যালয় নয় সারা বাংলাদেশে অবৈধ সরকার কে ক্ষমতায় টিকিয়ে রাখার জন্য ছাত্রলীগ নমক জানোয়ারদের এই পাওয়ার দিয়েছেন ,2,0.2222222222222222
"উওরটা আমিও পেরেছি , তবে ৮-১০ সেকেন্ড সময় লেগেছে  ",1,0.2222222222222222
"হয়তো বিএনপি জামাতের সহায়তায় পালিয়ে গেছে , ! বানিতে কাউয়া কাদের ",2,0.45454545454545453
কবে যে উপর দিয়া হাঁটবার পারমু । মুখে দাঁত থাকব রে আবুল ? সোজা কইরা না খাইয়া বাই হাত দিয়া ঘুরাইয়া ভাত খাওনের কি জ্বালা !,2,0.2692307692307692
ভাই ঘুঘু পাখির খামার আছে,0,0.4
"সিরিজের মধ্যে , ফাহিম ভাইয়েরটা সব থেকে ভাল লাগল । ❤❤❤❤ ",1,0.2727272727272727
বাংলাদেশ ক্রিকেটের কাফন পরাবে পাফন ,2,0.6
"ডাকাতের ঘরের ডাকাত আমেরিকায় এইরকম একটা রুটির দাম বাংলাদেশের 15 টাকা , আর তোমরা বাংলাদেশে ভেজাল তেলের বানানো এক পিছ রুটি 20টাকা , কেউ এই ডাকাতের রেস্টুরেন্টে খেতে যাবেননা ",2,0.2413793103448276
এগুলো বেস্যা পতিতা মাগির পোলা ,2,0.2
"এই খাবার গুলা বানাতেও যেমন কস্ট ঠিক তেমনি এই জিনিস গুলো এই পর্যায়ে আসতেও অনেক মানুষের শ্রম , কস্ট রয়েছে ",1,0.2
এ শালয় তর তো কথা বলার আগেই লেবরা পরে,2,0.2222222222222222
ভাত চটকানোর আওয়াজটা পর্যন্ত ভিডিওতে শোনা যায় ! হা হা হা । : :,1,0.21428571428571427
বাংলাদেশ পুলিশ কি বাল পালাইলো সব শালারা গুস খোর,2,0.2222222222222222
"ধানমন্ডি তেহারী , সরিষা তেলে তৈরি , খুব মজাদার ",1,0.4444444444444444
হনুমানগুলা কে বলে দিও মাল পানি না দিলে মানুষও বিচার পায় না আর সেখানে তারা ত হনুমান,2,0.17647058823529413
আপনাকে কয়েকবছর আগে একরকম দেখেছি,1,0.4
কথায় আছে । মক্কার মানুষ । হজ্জ পায়না,2,0.25
"10 । আল্লাহর মনোনিত দ্বীন , ইসলাম থেকে মুখ ফিরিয়ে নেওয়া । ইসলাম অনুসারে আমল এবং শিক্ষা গ্রহণ করতে নারাজ হওয়া । দলীল : - ( সূরা সাজদাহ - 22 / কাহফ - 57 / ত্বা - হা - 124 - 126 / মুমিনূন - 71 ) ",0,0.2978723404255319
কিছুকিছু নতুন নতুন খাবার দেখলাম,1,0.2
"এতো এতো ফুড ভ্লগার রিভিয়ার রে দেখি , কিন্তু আপনি তো আপনিই ",1,0.25
এই গানে লুকিয়ে আছে লক্ষ্য লক্ষ্য পথ শিশুর জিবনের গল্প,1,0.2
যাবে না এবং দ্বিতীয় ইনিংসে ব্যাটিং করলেও বড় স্কোর তারা করার মেন্টালিটি,0,0.3333333333333333
আনন্দিত হওয়া ও প্রকাশ করা খুব ভালো তবে ভিডিওতে ছেলেমানুষিটা একটু কন্ট্রোল্ড হলে বেশী ভালো হয়,1,0.1875
"দেশ পরিস্কার করতে পুলিশের 24 ঘন্টাই যথেষ্ট , শুধু এটাই বললাম ",1,0.18181818181818182
এই ক্ষানকির পোলার বরখাস্ত চাই,2,0.2
সন্তান কে কি পরিমান ভালোবাসলে একটা মা বলেন যা হইসে হইসে অন্তত বাচিয়ে রাখতো মেয়েটাকে,2,0.2
ভুমিকা । আওয়ামিলিগ পুলিশ । কেচিনোলিগের । দালাল ,2,0.375
ভাল্লাগছেরে ভাই খুব্বব্বব্বব,1,0.6666666666666666
আপনি হাইকোর্ট রিট করেন আশা করি ফলাফল পাবেন,0,0.375
সৌরভ গাঙ্গুলীকে অনেক ভালো লাগে । তিনি ইন্ডিয়ার ১ নাম্বার ভদ্র প্লেয়ার । ভিরাট কোহলির মতো বিরাট বেয়াদব নয়,1,0.3157894736842105
অযৌক্তিক প্রশ্ন এবং অযৌক্তিক উত্তর ,2,0.4
রাজশাহী বলেই চাঁপাইনবাবগঞ্জের কণ্ঠ,0,0.5
অনেক ভাল লাগলো খবরটি । জাহিদ স্যারকে অসংখ্য ধন্যবাদ এবং সপ্নকেও ধন্যবাদ জানায় একজন অসহায় পিতার পাশে দাড়ানোর জন্য ,1,0.2631578947368421
এই ন্যাকারজনক ঘটনা প্রকাশ,2,0.25
"আর নোটিফিকেশন আসছে না দেখে থাকাও সম্ভব না , দেখতে তো ভালোই লাগে কিন্তু লোভও লাগে ",1,0.1875
লিবুর সাতে কি আদা খেতে হবে,0,0.3333333333333333
এই সামিই কি রেডিও ভূমিতে খেলার কাভার করেন কি ? স্বর তো একই লাগছে,0,0.35714285714285715
কোনো কিছুর বিষ্ঠা ছিল নাকি,0,0.2
বিকৃতির নতুন নাম র‍্যপ সং,2,0.6
সে রানাকে রেপার বানাইছে সে রানার গানের মাজে খুদা দেখছে ,2,0.3
কই রাজরানী আর কই ছুটমারানী,2,0.4
ঢাকা থেকে ডিরেক্ট শিলিগুড়ির বাস বুড়িমারী হয়েই যায় । পঞ্চগড় দিয়ে গেলে ডিরেক্ট বাস পাবেন না,0,0.3125
বুদ্ধিমান চোর চোখ পলানতির মতো কুক বললেই বলতে হবেকোথায় নাহলে ফেল টাকা দেয়া সময় লুকিয়ে থেকে পরেবলে সময় পেরিয়েগেছে এদের জালিয়াতি জন্য হাজারো মানুষ পথেবসচে,0,0.36
"দাশ কেবিনের খাবার গুলো খুব উপদেয় মনে হলো । দাম খুব ভালো । আমরা সাত বছর আগে গড়িয়া হাটা , কলকাতা গিয়েছিলাম । তখন দাশ কেবিনের খবর জানা ছিল না । মিস করেছি ",1,0.21212121212121213
অসাধারণ প্রতিভার অধিকারী গলিবয় রানা । শুভ কামনা রইল,1,0.3333333333333333
দাদা কোরিয়ান র‍্যামেন নুডলস ঢাকা কোথায় পাওয়া যাবে,1,0.25
আমরা জানি বিসিবি কত ভর মাদা চোদ এই মাদা চোদরা বিসার চাই,2,0.4166666666666667
"তারপর শুধু সাজেক যাচ্ছেন তা না , ওইখান এ গিয়ে আপনি যেইখানে যেতে চাইবেন ওইখানেই নিয়ে যাবে ",1,0.23529411764705882
আহামরি কিছু না । তবে খাবারের প্রেজেন্টেশান ক্লাসি,1,0.25
ভাই বিড়ি খাওয়া টা কমান,2,0.4
"মানুষ কত কিছুই তো বলে , শুনা কথায় কান দিবেন না ",0,0.18181818181818182
পরিশেষে বলতে চাই : থেকে আমরা ভালা না তোরা ভালা লইয়াই থাক হারামজাদার দল,2,0.35714285714285715
আসুন আমরা সবাই পাঁচ ওয়াক্ত নামাজ পড়ি আল্লাহ ও নবির প্রতি ঈমান আনি ।,0,0.2857142857142857
"ধর্ষকের শাস্তি জনসম্মুখে মৃত্যুদন্ড তিন চারটা দিলে ধর্ষনতো দুরের কথা , কোন মায়ের দিকে চোখ তুলে তাকানোর সাহস পাবে না ",0,0.3
কাকরা মোহাসয় কেন বলেন ? ভাল লাগেনা ,2,0.2857142857142857
বাইয়া মোনাইল নাম্বার দিয়ে দিলে ভালো হতো তাহলে জাইতাম,1,0.3333333333333333
ভাই তারা বুঝে মানেনা দেশের কত এতিম গরিব অসহাই কোরআনের হাফেজ পরে আছে তাদের খুজ কেও করবেনা ,2,0.23529411764705882
"কেন ? অাজ কেন ? অাপনারা কি দেখেন নাই ? সেই ভিডিও , তাহসিনেশনের সেই ভিডিও , কিভাবে অত্যাচার , গালাগালি করছিল ! কি রকম হতে পারে নির্যাতন , দেখে অাসেন ঐ ভিডিওটি অারো কয়েক মাস অাগের ",2,0.1891891891891892
তাইফ হল বাংলাদেশের একটা সম্পদ.সে তার মা বাবার বুঝা হয়ে দাঁড়ায় নাই .আমি দোয়া করি . আল্লাহ তাকে হেদায়েত দান করুক.,1,0.2857142857142857
রবিউল আউওয়াল মাসের ১২ তারিখে জন্মগ্রহণ করেন,0,0.5714285714285714
"খাদক সম্মেলন , ! বিশিষ্ঠ খাদকগন মন খারাপ করবেন না । মজা করলাম । আপনাদের সম্মিলিত প্রয়াশ খুব ভাল লেগেছে । ধন্যবাদ সবাইকে ",1,0.21739130434782608
দুই দিন পর ভুইলা যাইমু রানা তোমারে,0,0.42857142857142855
এত অপরিচন্ন পরিবেশের খাবার খাওয়া ঠিক না,0,0.2857142857142857
কোন কাহিনি আবার দামা চাপা দেয়ার জন্য এইসব শুরু  ,2,0.2222222222222222
ঈশ্বর তার একদিক নিয়ে গিয়ে তা অন্য দিক দিয়ে পুষিয়ে দিয়েছে ,1,0.2727272727272727
আমা‌দের এলাকা‌তে এটা‌কে ধাপরা ব‌লে কিন্তু এখা‌নে পাতলা বে‌শি,1,0.7777777777777778
বুজলাম বাট মরা মুরগি না তাজা খাসি বিরানী,0,0.25
আরে শালারা ছেলেটি গান গায়ছে এরে নিয়ে মাতামাতি শুরো করছো আর হাজারো ছেলে কোরআনের হাথেজ কো তাদের কথা একবারও তদের চেনেলে নিওজ দেছনা কেন ,2,0.375
বসার আয়োজনটা ভাল লাগলো । একদম ব্রিটিশ পার্লামেন্ট ষ্টাইলে বসা । ভাল লাগলো এই প্রথম কোন হোটেলে পিতলের জগ দেখলাম,1,0.4
সময় টিবি জারজের বাচ্চা এটা সিলেটের আজ্ঞলিক ভাষা আমরা আমাদের ভাষা যে ভাবে সন্মান করি তোরা সেটা পারিস না বুজাতে পারলাম মাদারচুত হানকির ছেলে,2,0.3333333333333333
এত তরকারি কিভাবে খাবেন দাদা । আমি আলু ভরতা্ দিয়ে দুআড়াই প্লেট সাবার করত পারবো লগে কাচা মরিচ হলে চলবে,0,0.2
"ভাই কমল দে , আস্ত ধিরে কথা বলুন , একজন রিপোর্টার হয়ে লাইভে এত ৩০০ স্পিডে কথা বললে কিছুই বোঝা যায় না ",2,0.18181818181818182
ভরসার জায়গা গুলো দিনদিন নষ্ট হয়ে যাচ্ছে,2,0.2857142857142857
"যদিওবা বেশি ভিউর জন্য দিছেন কিন্তুু মনে হয়না টাইইটেল ট্যাগ কাজ করবে না , কারন আপনি ওত বড়ও সেলিব্রেটিও ছিলেন না ",2,0.3333333333333333
তার ওয়াইফ কিন্তু চরম বুদ্ধিমতী তানাহলে দরাতো পড়ে গেলে অল্পের জন্য বেঁচে,0,0.4166666666666667
ভাই স্কাই লাউঞ্জ কিভাবে ব্যবহার করব,0,0.3333333333333333
শুনেন ওনেকেই সুস্থতার কথা চিন্তা করে ঘি খাবার টা কে এড়িয়ে চলেন । আর এই মহিলাটা যাঁরা ঘি খান না ওদের ইনসাল করে বলে ঘি যাদের ঘি তে এলার্জি আছে তাদের জন্যে এইটা না,2,0.35294117647058826
ত্রই সব প্রতারনা ব্যাবসা বন্ধ করেন,0,0.3333333333333333
"ট্রাম্প , কিম , মোদির মত শাসকরা পৃথিবীর লজ্জা ",2,0.3333333333333333
ভাই অখানে মোবাইল নেটওয়ার্কের সিগনাল কেমন পাইসেন ? কোন সিমে থ্রিজি কাজ করে,1,0.46153846153846156
বাইঞ্চোদের দেশে খানকির পুতের বসবাস,2,0.2
মাংসের অব্যাহত মূল্যবৃদ্ধিতে আসলেই সবার নাভিশ্বাস উঠে যাচ্ছে,1,0.375
সাধ্যেরমধ্যে সব টুকু সুখের মত,1,0.4
কিছু প্রশ্ন ছিলো ভাই । নর্থ সিকিমে যাওয়ার পারমিশন পেতে 10 - 11 টা বাজলেও ছাঙ্গু লেক যাওয়ার পারমিশন এতো সকালে কেমনে পেলেন ? ছাঙ্গু লেকের পারমিট কয়টায় পেয়েছিলেন ? আর কয়টায় ছাঙ্গু লেক থেকে গ্যাংটক পৌঁছেছিলেন,1,0.3783783783783784
ভাই মাইয়্যা গুলোরে দেখাইলেন আর বীরপুরুষ ৩ জন কে কেন দেখালেন না ! তুইও মজা লস ভাই,2,0.23529411764705882
আসা সিরিজটা খুব ভালো হবে,1,0.2
লিপু আর নতুন ভাবির জোড়া মাশাল্লাহ,1,0.3333333333333333
লেবুচুর খাওয়া দেখে জিব্বায় পানি আসছে কার কার ? লাইক দিয়া জিব্বাহ দেখাও,1,0.3076923076923077
তাইফের প্রতিবা অনেক অাগে সোসাল জগতে ভাইরাল হয়েছে,1,0.25
হাতি চাদাবাজ না । চাদাবাজ হচ্ছে হাতির উপর বসে থাকা লোকটা । হালার বলদা রিপোর্টার,2,0.2
দেশটারে বেইচা দিলো ! ভারতের কাছে,0,0.3333333333333333
"রসের রশিক বাঙ্গালি শুধু মাত্র মিষ্টি খেয়েই নয় , খাইয়েও তৃপ্তি পায় ",1,0.3333333333333333
ভাই আপনি কি ধারাভাষ্যকর দেন,0,0.2
আমার মতে ম্যাজিষ্টেটের চাদা বাজ হাতি পিছনে না দৌড়িয়ে চাদাবাজ নেতা খেতা দের পিছনে দৌড়ানো উচিত,2,0.3125
অনৈতিক সরকারের ধারাবাহিকতার কুফল আজ দেশ ছেয়ে গেছে । অবৈধ সরকারের দ্বারা এসব নির্মূল করা সম্ভব নয় । শয়তানলীগের জারজ সরকারের বেআইনি অবৈধ হাসিনা কে বাংলাদেশে অবাঞ্ছিত ঘোষণা করতে হবে,2,0.23333333333333334
দিক্কার জানাই এসবদের যারা নিজেরা এতগুলো খায় অথচ কত গরিব না খেয়ে থাকে,2,0.23076923076923078
আপনারা অনেক দেরিতে তার খোজ পেয়েছেন,0,0.3333333333333333
পুলিশ আপিগুলা দেখতে অন্নেক সুন্দর,0,0.4
ভাই হোটেলের ভাড়াটা কি পার নাইট 1500 রুপি,1,0.25
"সালমা নির্বাচনে হারার পর থেকেই পুলিশের বিরুদ্ধে একের পর এক সরযন্ত , হাহাহাহা ",2,0.38461538461538464
দাদা আপনি একবার । লালটুস গোলবাড়ি আর আরসালান ট্রাই করতে পারেন,1,0.2727272727272727
"ধন‍্যবাদ অর্ণব বাবু , আপনার ভালো ",1,0.3333333333333333
অাজকে রান্নাঘরটি না দেখাইলে হতো :,0,0.5
পাপনকে পাপর বানিয়ে কুত্তাকে খাওয়ানো হওক,2,0.5
কোথায় স্পষ্টতা ছিল না ভাইয়া,0,0.2
একা রামে রক্ষে নেই আবার সুগ্রীব দোসর,0,0.5714285714285714
শালা কুদা বাচ্চা তরে পাইলে আমি তো মেয়ে তার পরও তরে নটির পোলা পিয়াজ কুছি কুছি করে গরম তেলে ছাড়তাম,2,0.35
ভাই । আপনি একটা জিনিস ? বলতেই হবে ♪♪♪,1,0.2222222222222222
সালার জানোয়ার হারামি পাপোন কে রিমান্ডে নেক.এই জানোয়ার হলো এক নাম্বার শয়তানের মহা শয়তান.,2,0.21428571428571427
"কেন আমরা বাংলা ইংরেজী বাংলিশ মিলিয়ে কথা বলি । এরা বলছে আমরা তাদের অনুকরণ করছি কি বিস্রি ব্যাপার । এই প্রবনতা বাংলাদেশ , ইন্ডিয়াতে বেশি ",1,0.24
খুবই দুঃখজনক । এরা রাজাকারের চেয়ে কোন অংশে কম নয় । মানুষ এতটা জানোয়ার হয় কিভাবে ? উপর মহলের নিরাপত্তা বেষ্টনি ছাড়া এত সাহস কোনদিন হয় না,2,0.18518518518518517
"গুলিস্তানের ঘোড়া গুলোর দিকে একটু নজর দিবেন প্লিজ , হাতি আর কি , তার থেকে ১০০ গুন বেশি খারাপ অবস্থায় আছে ওই ঘোরাগুলো , কী যে কষ্ট দেয় ওদেরকে , না দেখলে বুঝা যায়না ",0,0.17647058823529413
অবশেষে প্রাক্তন প্রেসিডেন্ট মরহুম হোসাইন মোহাম্মদ এরশাদের বিজয় । এটা এখন সময়ের দাবি ,0,0.38461538461538464
ভাইয়া মখদুম শাহদৌলা ( রহঃ ) এর মাজার যে দরগাহপাড়াতে ওটা সিরাজগঞ্জের শাহজাদপুরের দরগাহপাড়াতে ,0,0.5714285714285714
মুরুক্কুদের মতো প্রশ্ন করলে,2,0.25
এটা ফেসবুকের দায়িত্ব না । সরাসরি সার্চ দিয়ে পর্ন খোঁজে পাওয়া যায় ইন্টারনেটে ফেসবুকে নয়,0,0.2
বালের তেহারী হানিফের পায়ের যোগ্য না । খাইয়া দেখছি নরমাল,2,0.3
তোর ভিডীওর বিতর শিখার কিছুও নাই । তুই একটা বাজে লোক বেটা,2,0.3333333333333333
"হালারপুত মেয়ে , বাট শার্ট প্যান্ট পরায় ছেলের মত লাগে ",2,0.3
হা ক্যান্টনমেন্ট জেসবের কাছে । থানার সামনের গলি,0,0.25
বেয়াদব । মুখের ভাষা ঠিক কর । তোরাই না একজনেরটা ১০০ জন খাছ । আমরা তোদের মতো কিপ্টা না । গাধা কোথাকার,2,0.22727272727272727
"আহারে , রাব্বির আর তন্ময় ভাইয়ের টার্ন আসতে এতো দেরি হচ্ছিল । কষ্ট লাগছিল : ",0,0.3333333333333333
কাঁচা রসুন না খেলে কি হয়,0,0.3333333333333333
"খুধায় পেটটা পুড়ে গেল , মনে হচ্ছে এখনই ঝাপিয়ে পড়ি বটতলায় ",1,0.6363636363636364
এই বুদার সরকার দরকার নাই,2,0.2
এক মাস । সেহরি খাইয়া রুজা রাকা । সুজা আমি রানা হারা বচর সেহরি চারাই রুজা পুরাই । আগুন ,1,0.3157894736842105
"মার্চের প্রথম সপ্তাহে গেলে কি ইউমথাম ভ্যালি , কাটাও জিরো পয়েন্ট , গুরুদুংমার লেক , ছাঙ্গুলেক পৌঁছানো যাবে ",0,0.5555555555555556
বড় হয়ে শিল্পী না হলেও হয়তবা ইয়াবাখোর হবে ,2,0.25
"আদনান ভাই , জিহবা এ জলে এসে পড়ল ",1,0.25
"মাঝেমধ্যে জাই বোবার বিরিয়ানি খেতে , খুব টেস্টি ",1,0.25
"অামি অা । লীগ , করি অামি সাম্প্রদায়িকতাকে বরাবরই ঘৃনা করি , বুজছস ",0,0.3076923076923077
কুকুর জেভাবে রোটে থাকে রোটে খায় পুলিশের শেইনিতি,2,0.5
"বন্ধু না ভাবলে তোমার সব বলে দিবে , যে পাপনই ছিলো ক্যাসিনোর বাদশা ",2,0.23076923076923078
শালা পাপন বাপের নাম ভাঙ্গাইয়া অনেক খাইছোত টিকেটার আশরাফুল এর ভবিষ্যৎ তুই ধ্বংস করছ জুতার বারি খাইবার আগে তুই পথে ত্যাগ কর ,2,0.22727272727272727
আ সুদা ক্রিড়া সাংবাদিক খেলার আগে নাছা নাছি জিম্বাবুয়ের সাথে উইকেট নিয়ে লাপা লাপির কি আছে । খাই দাই কাজ নাই কাজ না থাকলে ইমরান খানের নিউজ কর,2,0.2857142857142857
মিরপুর ১ এ খাতা পুরি পাওয়া যায়া,0,0.2857142857142857
আমাদের ঘর নাই সেকথা কে বলবে.,1,0.3333333333333333
ভাই আমি অবাক হলাম । কারন বাংলাদেশে এই প্রথম দেখলাম তাই । মােলেশিয়ায় এরকম অনেক আছে । এদেরকে বলে । তমবয় । এরা হলোমেয়ে এরা ইংজেকসনের মাথ্যমে এদের এস্তল শুকিয়ে ফেলে,2,0.1935483870967742
"নবী (সা) বলেন , তোমরা তোমাদের সন্তানদের নামাযের আদেশ দাও , যখন তাদের বয়স সাত বছর হবে । আর তাদেরকে নামাযের জন্য প্রহার কর যখন তাদের বয়স দশ বছর হয় এবং তাদের বিছানা পৃথক করে দাও । [আবূ দাঊদ , ৪৫৯] ",1,0.24390243902439024
মহান আল্লাহ বান্দা বিপদে পড়লে ভূলেনা না । কিন্তু অবুঝ বান্দারা বিপদ হতে উদ্ধার হয়ে আল্লাহকে ভূলে যায়,0,0.2777777777777778
ভোট চোরদের সহচর এই অমানুষগুলো,2,0.6
আচার আমার অতি প্রিয় খাবার । গত বছর কক্সবাজার গিয়ে 3800 টাকার বার্মিজ আচার কিনেছিলাম । পনের দিনের মাঝেই সব খেয়ে শেষ করে ফেলেছিলাম । তেতুল আর বরইয়ের আচার আমার সবচাইতে প্রিয়,1,0.25
ভাইয়া আমি আপনার সব ভিডিও দেখি অনেক ভালো লাগে তবে রিকুয়েষ্ট রইলো আমাদের পুরান ঢাকা কেরানিগঞ্জ যাবেন সেই খাবে আন্ডারগ্রাউন্ড একটা ফুসকার দোকান আছে প্লিজ রিকুয়েষ্ট রইলো☺☺☺,1,0.2222222222222222
এমন ছাতা খাওয়ার দরকার কি জীবণ দিয়ে,1,0.2857142857142857
"জনগন তোমাদের লুচ্চামি জানে , কিন্তু তোমার সামনে পিছনে বসে থাকা বলদাগুলা বোঝে না কারন তারাও আকাম করে তোমার ছায়ায় আশ্রয় নিয়েছে ",2,0.18181818181818182
শুক্রবার কিংবা শনিবার হলের বন্ধুরা মিলে ওখানে না গেলে সপ্তাহ টাই যেনো মিছে হয়ে যায় । আর সবথেকে বড় বৈশিষ্ট্য হলো ৪ জনের বিল যখন ২৩০ থেকে ২৫০ টাকা হয় তখন ২০০ টাকা বিল দিয়ে চলে আসলেও মামারা সেটা স্বাচ্ছন্দ্যে গ্রহণ করে,1,0.2619047619047619
আর ঘর থাইক্কা অর্ডার কইরা,0,0.2
"এটার বয়স ২ বছর প্রায় । আমরা ঘুরতে ঘুরতে আবিষ্কার করি । লোকেশন হলো বাংলামোটর থেকে একদম কাছে সেভেন হিল রেস্টুরেন্ট এর পাশের বিল্ডিং । ওনাদের ফেসবুক পেজ এর লিংক দিলাম , চাইলে ওখান থেকেও লোকেশন দেখতে পারেন ",0,0.18421052631578946
তার সব দন বান্ডার সরকারি বাজে আপ্ত করা হোক জারা অবয়দ সমপদ বানিেছে তাদের সব সমপদ সরকারী গোডাওনে বাজেআপ্ত করে দেশের উন্নতির কাজে লাগানো হুক,0,0.44
ধর্ষণের শাস্তি জনসম্মুখে ব্লেড দিয়ে জেন্ত শরীরের চামরা ছাড়িয়ে নেয়া হোক একটু একটু করে তাহলে আর এমন গঠনা দেখতে হবেনা,0,0.25
ভালো থাকবেন প্রানের ভাই আদনান ভাও,1,0.3333333333333333
প্রেজেন্টেশান ভালো ছিল । সি - ফুডের টেস্ট একটু ডিফেরেন্ট হয়,1,0.2727272727272727
সেটি হলো চট্টগ্রাম ও মংলা সমুদ্র বন্দর দিয়ে ভারতীয় পণ্য পরিবহনের বিষয়ে একটি স্ট্যান্ডার্ড অপারেটিং প্রসিডিউর ( এসওপি ) সই করা,0,0.5714285714285714
"পেটের ক্ষুধায় কেউ চুরি করলে চুরের হাত কাটা যাবেনা , রাজ্যের শাষকের হাত কেটে দেওয়া হোক ",2,0.1875
"আদনান দা , আপনার আর বৌদির যুগলবন্দী এই ভিডিওর সবথেকে বড় পাওনা । খুব ভালো লাগলো ",1,0.25
কথাবার্তায় ভালবাসার ছড়াছড়ি,1,0.6666666666666666
পেয়ারি গো বাংলাদেশ থেকে বের করে দাও ব্যাটা বেয়াদব সরকার কে বিল দিতে হবে না ফ্রি ফ্রি,2,0.17647058823529413
পাপন শালা সব নস্টের মুল আগে তার বিচার করার দরকার নাটের গোরু,2,0.25
এবার বাস্তবে দাদাগীরি হয়ে গেল.,0,0.4
ঠিক মনে নাই । ফাইল টাও খুজে পাচ্ছি না । তবে ১৪ থেকে ১৫০০০ রুপির বেশী না,0,0.23529411764705882
দলীল : - ( সূরা মুহাম্মদ - 8 - 9 / তাওবা - 48 ),0,0.2
পিবিআই মানে পুটকিতে বাঁশ ইনস্টলেশন,2,0.6
ভাগ্যভালো 3টা ছেলেকে বাঁচাইছে । তা না হলে আজ রাতে 16জন মেয়ে 3টা ছেলেকে মেরে ফেলত । যার সারা শরীরে ঘা মলম দিবে কোন জায়গায়,2,0.32
কলাপাতা অথবা শালপাতা বাঙালির ট্র্যাডিশন দাদা । এই সংস্কৃতিটি কিন্তু এপার বাংলা শুধু নয় এবং ওপার বাংলায় ও রয়েছে কারণ দুক্ষেত্রেই যে বাঙালির আধিপত্য,1,0.2916666666666667
আমদের বাংগালিদের জন্য ঝাল কিছুই না । বাট সাদা চামরাওয়ালা দের জন্য অনেক কশট,1,0.2857142857142857
"ভাই মজা পাইছি , সবাইকে খুব ভাল লাগতেছে ",1,0.25
মানুষ কি সার্কাজম বুঝে না,0,0.2
মরিচ না কি বিছিয়ে রাখছে,0,0.2
সারি নদীর মাছ খাওয়ার নিমন্ত্রন রইলো । সিলেট থেকে বলছি,1,0.2
"বাহাদুরি আলাপ করছেন , কালকে আপনাকে পুলিশে বড় পোষ্টে নিয়োগ দিলে আপনিই ঘোষ খাওয়া শুরু করে দিবেন , আমি দেখেছি পুলিশ প্রশাসনে অনেক ভাল লোক ও আছে যাদেরকে টাকা দিয়ে কিনতে পারবেন না । সব লোক খারাপ নয় ",0,0.21052631578947367
"আমরা কি পারি না এই ভিডিও টা ভাইরাল করেতে ? ☹ না , আমরা সুধু পারি সিলানি পানা ভাইরাল করতে☹☹ ",2,0.25
"নান মেইক করতেছে , ! শালার অশিক্ষিত গরিব দুরে গিয়া মর ",2,0.18181818181818182
"আমার ভাগনি , রেটিনোব্লাস্টোমা ক্যান্সারে আক্রান্ত । ইতিমধ্য একটা চোখ অপরাশন করে ফেলে দেওয়া হয়েছে । অপর চোখটাতেও ক্যান্সার ",1,0.47368421052631576
মজা পাইলাম ভাই কিছু করার নাই অাশরাফুল ভাই অাসবে ফিরে ইনশাআল্লাহ ,1,0.18181818181818182
আমারে মাইরা ফালাইলেও এতো ঝাল খাইতে পারুম না,0,0.25
"আপনার পরিবেশনায় একটি রাজকীয় ভাব রয়েছে , আহা কি যে মজা ",1,0.18181818181818182
সত্য কথা বলতে প্রশ্নের সাথে সাথে আমি এই উত্তরটাই ভেবেছিলাম কিন্তু দুর্ভাগ্যবশত সেখানে আমি ছিলাম না ☹️ ,2,0.23529411764705882
"আসসালামুয়ালাইকুম , সায়েম ভাই আপনার প্রত্যেকটি ভিডিও শিক্ষনীয় দিক নির্দেশনার । ভাই চেংরাবান্ধা বর্ডার দিয়ে ভূটান ট্যুর এর ডাবল এন্ট্রি ভিসা দিবে ভারত বর্ডার বা ভূটান বর্ডার যানাবেন পিলিজ ",1,0.20689655172413793
একটা ভালো কাজ করলো স্বপ্নচুপার সপ ধন্যবাদ পুলিশ ওপি চারকে ,1,0.3
পাগলে কি না কয় । ছাগলে কি না খায় । হায় হায় তারা বিশ্বাস করমু ?,2,0.375
"বাংলাদেশ অাসলে অাবালে ভরে গেছে , তুরা ভাত না খেয়ে ঘাস খাবি ",2,0.25
এবার আসা যাক ভর্তা প্রসঙ্গে । আমি বাংলাদেশের বহু খাবারের রিভিউতে লক্ষ‍্য করেছি বাংলাদেশের হোটেলে প্রায় কোন সজ্বী তরকারি পাওয়া যাই না শ্রেফ ভর্তা ছাড়া,1,0.24
ভাবি আপনেরে ভাইয়া ডাকে,0,0.5
"ভাই আপনার ক্যামেরা মেনকে দিলেন্না একাই সব সাবার করলেন , হা হা হা ",2,0.23076923076923078
৩০ টাকায় কেমনে দেয় এতকিছু,1,0.2
গত শুক্রবার৯ অথবা ১১ অথবা ১৮ বহুত আশা নিয়া দুই বন্ধু সহ গিয়েছি,0,0.23076923076923078
"বাংলাদেশে ছাত্র রাজনীতি বন্ধ হওয়ার প্রথম ধাপ । ফোরজি মেধাবীর জায়গা তা আবার বোঝা গেল । একসাথে দুই হাজার ছাত্রের বৈঠক , ! বিরল দৃষ্টান্ত ",1,0.28
পাপ বাপকেও ছাড়েনা । তোদের দিন ও একদিন শেষ হবে তার পরে জনগনের দোলাই খাবে শেদিন হয়তো বেশি দূরে না,2,0.2
খুঁজ নিলে দেখা যাবে পাপানও ক্যাসিনো আর অর্থ পাচারের সাথে জড়িত ,2,0.2727272727272727
আবরারের কারনে সবার মুখ খুলছে,1,0.2
কালো জামের খালাতো ভাই ? লুল,1,0.5
কাঠের বেঞ্চ নয় আল্লাহ তায়া’লা,0,0.2
কিছু কিছু দুষ্টু পুলিশ বাংলাদেশের অাইন শৃঙ্খলা অভনতির মূল নাটের গুরু,2,0.45454545454545453
যার এই কুওার বাচ্চা জন্য সুলোগান দিয়েছে তারা এক একটা বিজরমা এগুলার জন্মের ঠিক নাই খানকির পোলারা,2,0.23529411764705882
হালায় বোকাচন্দ্র রইয়ে গেলো,2,0.75
বুজতে পারছেন ব্যাপার টাহ কিহ,2,0.4
ভাই কুমিল্লা মনোহরপুরে মাতৃ ভান্ডারের রস মালাই আর মামা ভাগিনার দই ফুচকা টেস্ট কইরেন,1,0.2857142857142857
"ইরান মুসলিম দেশ , কিন্তু উহারা কিন্ত অন্য জাতের ",0,0.2222222222222222
এইভাবেই এগিয়ে যাবে ভাইয়ের রিভিউ,1,0.2
যমুনা টিভিকে ধন্যবাদ জানাই নিউজটি দেয়ার জন্য পারলে সহজগিতা করেন,1,0.2
"মাহসান সপ্ন , এইবার ওর বাসায় যাইব ",0,0.2857142857142857
ওরা অমানুষের বাচ্চা. ওরা টাকার জন্য সবকিছু করতে পারে.,2,0.3333333333333333
"মাশরাফি দলে থাকলে , দলে রাজনৈতিক কাজ করে । তবে আশা করি কোনো জাগাতে না রাখা হউক ",2,0.23529411764705882
আমি কোনোটায় উঠিনাই । রেট টা আমার কাছে অনেক বেশী মনে হয়েছিল : ),1,0.21428571428571427
"ভাই আপনি যখন একটি অনুষ্ঠনে যান আপনি দয়া করে প্রতিটা আইটেমের দামটা ভলনে , আর দয়া করে ঠিকানা ভলবে , আরনাইলে দয়াকরে অনুষ্ঠন করিয়েনা ",1,0.25
"অনেক গুলো রিসোর্ট নিয়েছিলাম । মেঘ মাচাং , মেঘ পুঞ্জি , নিসোর্গ । ভাড়া গড়ে 2500 - 3500 টাকা ",0,0.3157894736842105
মানুষের সাথে একটু নম্রতা বাজায় রাখবেন কথা বলার সময়,2,0.2222222222222222
এগুলোরে মুখ বাইন্দা আওল ঝাউল থাপরানো দরকার,2,0.7142857142857143
অপেক্ষায় আছি নতুন কোন আজানাকে জানার জন্য এবং শুভকামনা রইলো আপনার এগিয়ে যাওয়ার পথযাত্রায় । ✌✌,1,0.1875
ভেজাল খাবারের মহাসমারোহ,2,0.3333333333333333
"পাকিস্তান - বাংলাদেশ থেকে হিন্দুরা ভারতে চলে আসে - সেটা একান্তই পাকিস্তান - বাংলাদেশের অভ্যন্তরীন বিষয় , ভারত স্যাকুলার রাষ্ট্র হয়ে - - এতে মাথা কেন ঘামাবে ",1,0.18518518518518517
"ভাইজান , উত্তরাতে সবচে ভাল দই , মিষ্টি কোথায় পাওয়া যায় ? আপনার অনুষ্ঠানটা এক কথায় অসাধারণ ",1,0.17647058823529413
"আপনার বাবা কে আল্লাহ বেহেশত নছিব করুক , আমিন ",1,0.2222222222222222
পাপন মাদার চোদ ক্যাসিনের সাথে জরিতো ভালো মতর তদন্ত করা হোক ,2,0.2727272727272727
রংপুর এ লালবাগ এর গুড়ের জিলাপি খেয়ে দেখবেন ✌✌ ,1,0.3333333333333333
ভাই সবসময় এরকম জেনুইন থাইকেন । লাভ ফ্রম চট্টগ্রাম ❤ ❤ ❤ । আশা করি শিগ্রই আসবেন,1,0.23529411764705882
কথায় আছে নাহ্ চোরে চোরে মাস্ততো ভাই যমুনা টিভির মালিক নিজেই তো এক জন ভূমি দস্যু । তাই দস্যু দস্যুর খবর রাখে,2,0.2727272727272727
এই ধরনের পুলিশ অপিছারদের জানাই ছালাম,1,0.3333333333333333
সৌদিআরব মিশর আরব আমিরাত ইহুদীদের দালাল ,2,0.6666666666666666
"টুরিস্ট ভিসায় ইন্ডিয়া ঢুকে , ইন্ডিয়া থেকে মালেশিয়া ফ্লাই করে , আবার ইন্ডিয়ায় রির্টান করা যাবে ? ( মালেশিয়ার টুরিস্ট ভিসা লাগানো আছে ) ",1,0.25
রিয়্যাল ট্যালেন্ট খুজে পাওয়া গেছে ,1,0.4
"আমার সহধর্মিণী , এই চ্যানেলটা আমাদের দুজনের , আমরা দুজন মিলেই এই চ্যানেলটি চালাই ",0,0.35714285714285715
অসাধারণ প্রতিভার অধিকারী গলিবয় রানা । শুভ কামনা রইল ,1,0.3333333333333333
সম্রাট এর কার্যকলাপ এরশাদ শিকদার কে হার মানিয়েছে,0,0.375
শেখহাসিনার দুই গালে জুতা মারো তালে তালে,2,0.42857142857142855
কে শিখিয়ে দিলো ? ডক্টর হওয়ার কথা ,2,0.2857142857142857
এঁদের কে ক্যামেরা সামনে আনা উচিত তার পড়ে কিছু শিখা হবে,2,0.18181818181818182
বাংলাদেশের ভোজ কোম্পানি আর ইন্ডিয়ারটার একই মেন্যুতে প্রাইসের ডিফারেন্স কত,0,0.4
অবশ্যই সুবহান আল্লাহ বলা উচিৎ,1,0.2
"তাকে ভাইরাল করাটার ১০০% রাইট আছে , শুভ কমনা রইলো রানার জন্য আর বন্ধু তোমায় ধন্যবাদ তাকে সবার মাঝে তুলে ধরার জন্য ",1,0.18181818181818182
এরা মানুষ নাকি অন্যকিছু ,2,0.25
কেমন মাদারচুদেরা লটারা টাকা দিয়া কিনে তারপরে ও টাকা দিস না কুত্ত্র বা্্চারা ওদের কে আইনে ও নেওয়া দরকার,2,0.2631578947368421
এই প্রানী জাতটাকে নিয়ে আর কোন মন্তব্য করতেও ইচ্ছা হয় না ,2,0.18181818181818182
আামাদের দেশে সব সম্ভব । এই সরকার অায়োজকদের একটা বালও ছিড়তে পারবেনা । আামাদের দেশে অাইনের যে একটা চোখ তা অার বলতে,2,0.2727272727272727
* জঙ্গি সংগঠন ছাত্রলীগকে অবিলম্বে নিষিদ্ধ করতে হবে । * ,1,0.2
এপিসোড টা রোমান্টিক হোতে পারতো,1,0.4
পুলিশ কর্মকর্তারা দেশটার ১২ টা বাজাইছে । আর সেখ হাসিনারে শৈরাশাসকের চ্যেয়ারে বসাইছে । পুলিশ আওয়ামী লীগের অন্য একটি দল । জয় বাংলা । জয় শেখ হাসিনা,2,0.2222222222222222
"সাবাদীকে ধন্যবাদ জানাই , আপনারায় পারেন দেশটা কে রক্ষকা করতে ",0,0.3
বাংলাদেশের প্রত্যক্টা পইয়েন্টে পইয়েন্টে চূর বসাইচে সরকার ? /,2,0.5555555555555556
মিডিয়া আর কোন কবর পাছনা এয়টা দেকাস সে জদি কোন আন পড় ত এয়টা কিনতু দেকাতিনা ,2,0.4375
অন্যদের মুখে স্বাদের ব্যাপারে বিরূপ মন্তব্য শুনেছিলাম । যাক্ এখন স্বাদটা ভালো করেছে । লোকের পকেট খালি হলেও খালি পেটে বেরিয়ে আসতে হবেনা,1,0.2608695652173913
"ইজরাইল ইন্ডিয়া আমেরিকা এইগুলা হচ্ছে সন্ত্রাসী রাষ্ট্র , পৃথিবীতে শান্তির জন্য এই দেশগুলা ধংস করতে হবে নয়তো পৃথিবীতে শান্তি আসবে না ✋✋ ",2,0.18181818181818182
সবাই মিলে আওয়াজ তুলুন । আবিরারের লাসের উপর দিয়ে ফেনি নদীর পানি ভারতে যাবে না,0,0.26666666666666666
সস্তার মধ্যে ভিডিও দিয়েন ,2,0.25
অামি কাগজ দিয়ে ফুল তৈরি করা শেখায় অাপনি চাইলে দেখে অাসতে পারেন ত্ররকম ভিড়িও পেতে অামাদের সাথেই থাকুন ,0,0.2222222222222222
"নাকি , সাগর রুনির মতন চইলা গেছে ",0,0.2857142857142857
"‌জি‌ভে জল চ‌লে এ‌সে‌ছে , আল্লাহ কে‌বে যে এখা‌নে যাবার তৈ‌ফিক দান কর‌বেন জা‌নিনা ",1,0.5714285714285714
ম্যাক্সিমাম টাইমে পাওয়া যায়,1,0.5
"সব খাবার বলেন ভাই ফ্রেশ , ফ্রেশ না কোনটা ভাই ",0,0.2
কতোগুলো স্পট ঘুরবেন তার উপর চার্জ করে উনারা । 2 / 2500 হবে হয়তো । এটা ডিপেন্ড করে সিজনের উপর,1,0.25
"জুলুমবাজ ফিরআউন নমরুদ কারুন হামান । কেউ বাচতে পারেনাই আল্লাহর পাকড়াও থেকে তোরাও পারবি না , তোদেরকেও ধরবে আল্লাহ তবে সেটাএকটু পর , কারন মহান আল্লাহ সবাইকেই অবকাশ দেন ",0,0.4827586206896552
ভবিষ্যৎ সুরক্ষিত রাখতে এই বয়েসে মা ও হয়েছে,0,0.25
"থালি বলছেন কেন , থালা বলুন থালি কথাটায় অবাঙালিত্বের গন্ধ পাওয়া যায় ",2,0.25
ভিডিও টিতে বড় ভুল আছে মান্না দেৱ নাম কফি হাঊজ গান চিচিচিচি ওকাক তু,2,0.42857142857142855
একটা নতুন প্রযুক্তি দেখাইল. বাংলাদেশে থাকতেই হইব এমন তো কোন কথা নাই,0,0.3333333333333333
হেতে বলে রাস্ট্রপতি হালায় একটা গাদা,2,0.5
"হায়রে আওয়ামীলীগ একটু গুতা দিলো ক্যাসিনোতে হাজারো ক্যাসিনো বাহির হল , একটু গুতা দিল বুয়েটে হাজারো গঠনা বাহির হলো ছিঃ ছিঃ ",2,0.19047619047619047
"9 । মুহাম্মদ ( সাঃ ) এর আনিত শরীয়াহ ব্যতীত অন্য কোন পথে বা অন্য কোন ধর্মে জীবন পরিচালনা করলেও জান্নাত পাওয়া যাবে বা আল্লাহ সন্তষ্টি পাওয়া সম্ভব মনে করা । দলীল : - ( সূরা আলে ইমরান - 83 , 85 / ",0,0.23255813953488372
পাবলিকে অশ্লীলতা চলে নিয়মিত,2,0.5
"শুধু বুয়েট হলে নয় , দেশের প্রত্যেকটা পাবলিক , সরকারি কলেজ মাদ্রাসার হল গুলোতে চলে নরপশুদের অমানবিক নিষ্ঠুর নির্যাতন । বুয়েটয়ের পাশেই সরকারি মাদ্রাসা - ই আলিয়া সেখানেও চলে এমন অমানবিক নিষ্ঠুর নির্যাতন ",2,0.2727272727272727
"হ্যাকার গ্রুপ সমন্ধে থানায় জিডি করেন নি কেন ? দোষী ব্যাক্তি কে কেন , তদন্ত ভার দেওয়া হলো এবং উনার বিরুদ্ধে কেন বিভাগীয় তদন্ত হচ্ছে না । জাতি জানতে চায় ? ",2,0.1935483870967742
"নাস্তিক মার্কা কথা না বলে আল্লাহর উপরে , তাউক্কুল করেন ",2,0.2
দেবো ছুধন ( ছুট্ট ধন ),1,0.3333333333333333
এই ধরনের ভিডিওই রেগুলারলি চাই পরপর কয়েক দিন,0,0.375
"এই রানা কে ""ক্ষণিকের ভাইরাল"" হতে দেওয়া যাবে না ",1,0.2222222222222222
নদীর পানিতে সমুদ্রবন্দর গায়েব,0,0.25
আদনান ভাইয়ের বড় মন হারাই গেছ্র,0,0.3333333333333333
পিয়াজের দাম বাড়াতে পাগলের মতো বকছে ওরা,2,0.42857142857142855
"বেনাপোল , বুড়িমারী , আখাউড়াতে দিতে হয় ",0,0.42857142857142855
রিপোর্ট টা চমকপ্রদ হলো না,0,0.2
"হে শিক্ষিত আগেতো "" পন্য "" লেখার বানান শিখ , তুমি যে "" পর্ন "" লিখলা এটার মানে হইছে ব্লুফিল্ম ",2,0.3
এখন মাইয়ারা সব পর্দানশীন হয়ে যাবে ! এরাই আবার নারী অধিকারের জন্য রাস্তায় আন্দোলন করবে,2,0.2
"প্রত্যেক কলেজে এমন লোমহর্ষক ঘটনা ঘটে যা নিন্দনীয় , এ ব্যপারে সরকারের সুখ্য অনুসন্ধানের জন্য মাননীয় প্রধানমন্ত্রীর দৃষ্টি আর্কষন করছি ",1,0.25
"ঝাল , এই কথাটাই কারও কারও কাছে ত্রাসের অপর নাম । কিন্তু আমার কাছে সেটা হচ্ছে প্যাশন ",1,0.23529411764705882
অপচয়কারীকে উপরওয়ালা পছন্দ করেন না,0,0.4
"স্বামীকে ভাই ডাকা আবার কোন্ সংস্কৃতি ? আপনারা মিডিয়ার লোকজন আসলেই ধান্ধাবাজ , নিজের বাঙালীয়ানাও রক্ষা করতে জানেন না । আর ধর্ম ? নাহয় নাই বললাম ! নওশীনের জামার বোতাম ফাটে ফাটে অবস্হা । লিপিস্টক নষ্ট না করে কিভাবে হা করে খেতে হয় তাও জানলাম ",2,0.28888888888888886
ক্যান্সার / হাসপাতাল / বাল ফাউন্ডেশন / ছাল ফাউন্ডেশন যে কোনো নামে কোনো শুয়োরের বাচ্চারে যদি টিকেট বেচতে দেখি সোজা মাইর দিমু । আপনারাও দিবেন । একটা চড় হলেও দিয়ে দৌড় দিবেন যদি একলা থাকেন,2,0.3142857142857143
আরে ভাই তুরা কি বালের খবর নিয়ে বিজি এদিকে পুরা দেশই ভারতকে দিয়ে দিলো শেখ হাসিনা,2,0.3125
বেটা আললাহর উপর ভরসা না করে সিপের ধাককার কথা বলছে,2,0.3
ক্যান্সার আক্রান্ত হাসপাতালে লটারি কমকতা বিরুদ্ধে মামলা করা উচিত এই লটারির নামে দুর্নীতি পুটপাট গরীব মানুষের টাকা খাওয়ার কৌশল লটারির টিকেট যারা বিঞিকরে এদেরকে গণ পিটুনী দেওয়া দরকার,2,0.32142857142857145
অপ্রয়োজনীয় ইংরেজি তো আপনিও বললেন । হোস্ট না বলে উপস্থাপক বললেই হয়,2,0.25
"কক্সবাজার সমুদ্র সৈকত , বাংলাদেশ । পৃথিবীর সবথেকে দীর্ঘ সমুদ্র সৈকত হলো কক্সবাজার সমুদ্র সৈকত ",1,0.4666666666666667
হিন্দু রীতিনীতি নিয়ে মাতামাতির কারনে আপনার মত আজাইরা নামধারী মুসলিম এর চ্যানেল আনসাবস্ক্রাইব করলাম,2,0.21428571428571427
"যে সব ভাইয়েরা অযথা উস্কানিমূলক কথা বলে দুই বাংলার সম্প্রীতি নষ্ট করতে চায় , তাদের উদ্দেশ্যে বলছি ; ভাই এখানে মরিস না , একটু দূরে গিয়ে মর ",2,0.18518518518518517
আম্বরখানা থেকে শাহী ইদগাহ রোডে একটা চটপটির দোকান আছে দাম ২০ টাকা শুধু ডিমের পরিমানই ১ টা দেওয়ার পড় আরো একটা দিমের অর্ধেক,1,0.34782608695652173
"ভাগ্য ভালো বিটিভির লোকেরা ওকে পায়নি , পেলে গুম করে পেলতো , কারন বিটিভিতে তো এখন দেশ সিংগাপুর , আর বাস্তবতা হচ্ছে টাকার অভাবে বাচ্ছারা পড়তে পারেনা ",1,0.2222222222222222
বাংলাদেশ দুর্নীতি খবর দেখাওনা । বাল ছাল ভিডিও দেখাও । টাকা কামানোর ধানদা ,2,0.38461538461538464
"খালেদ ভাই হলো আমার এক ফ্রেন্ডের কাসিন । ভাই নতুন বিয়ে করেছে , তাই এতদিন পর☺ ",1,0.1875
অাপনার খাওয়ার ঢংয়েই বুঝা যাচ্ছিল স্বাদ নেই তেমন,2,0.25
ভাউরে ভাউ বিমান ভাড়া দিয়া আমেরিকায় গেছেন খাবার খাইতে টাকা কি নিজের পকেট থেকে দিছেন,2,0.2
ইটা একটা অমানবিক ব্যাপার যে ভিডিও ম্যান কখনো খায়না,1,0.2222222222222222
বাড়াটিয়া বোঝলাম বাট এই মানুষ রুপি কুত্তার বাড়ি কোন জেলায়,2,0.2
পাঁচ ভাই হোটেল আমাদের সিলেট বাসির গৌরব,1,0.2857142857142857
"দলের লোকদের জন্য ওনার অনেক টাকা ইনভেস্ট তার উপর আবার জুয়ার অপবাদ সত্যিকার অর্থে চিকিৎসা করাতে যাওয়াটাও একটা অপরাধ , প্রথমে ছাত্রলীগ বহিষ্কার এবার সাজানো নাটকে যুবলীগ বহিষ্কার ও গ্রেফতার , ! দাদা - বাবুরা এবার এস্পষ্ট করে বলে দেন আর কোনকোন গদি আপনাদের দরকার ",2,0.24444444444444444
আজ থেকে আওয়ামীলীগ করা চেড়ে দেবো । জেখানে তেগি নাতার এমন করুন দসা দেখতে হল সেখানে আমাদের থেকে কি লাব । সোনা যতটুকু জানি সম্রাট ভাই নির্দোষ,0,0.25925925925925924
"সে হাফ প্লেটপ্লেট নিয়েছে জাস্ট আমাদের দেখানোর জন্য , যে পঞ্চাশ টাকার হাফ কিরকম হয় অথবা পরিমানে কতটুকু থাকে ",1,0.21052631578947367
"ভাই নিজে কেনার চেষ্টা করো । অন্যের দানে কিনবে কেন ? নিজে পয়সা জমিয়ে কিনে ফেলো , ভালো লাগবে অনেক ",1,0.2
পিপি বেশিই আইলস্যা দেখা যাচ্ছে : ) ),1,0.25
কিছুক্ষণের জন্য মনে হয়ছিল আমি সাজেক চলে গেছি,1,0.25
বাংলাদেশে সব ধরনের চাল দিয়ে বিরিয়ানী করে । সব চেয়ে ট্র্যাডিশনাল হচ্ছে চিনি গুড়া চালের বিরিয়ানি ; তবে ইদানীং ভারতের দেখাদেখি বাসমতী চালের বিরিয়ানি বেশি হচ্ছে,1,0.23076923076923078
যাইহোক রাগ নিয়ন্ত্রণ করে টিকেট না পুরালে ভালো হতো,0,0.2222222222222222
খাওয়ার সময় কি সাইলেন্সার লাগাবো নাকি,1,0.3333333333333333
"ঐসালারাবলদ , জেইবানইচেওকে , একবারএরজনবলনা ",2,0.6
নতুন ক্যামেরার সাথে এবং ফেস দেখানোর বেপারটা এডজাস্ট হচ্ছে না,1,0.3
"জায়গাটাকে রাসবিহারী মোড় বলে , যদিও এটা কালীঘাটের গায়েই ",0,0.5555555555555556
আপনি এতো শুকালেন কিভাবে ভাইয়া,1,0.2
এত কিপ্টেমি করে ভ্লগ চালাচ্ছে ! টিপিক্যাল কাংলাদেশী,2,0.375
পুলিশগুলোকে ঠিকমতো ডিম থেরাপি দিতে হবে ,2,0.3333333333333333
"সুদিপা দিদি তো একটা সুপার চিট । বাংলাদেশ থেকে জিবাংলাতে ওনাকে দেখে আমিও এই রেস্টুরেন্টে যাবার প্রস্তুতি নিয়েছিলাম , আল্লাহ বাচাইসে চিট বাটপারের হাতে পড়ি নাই ",2,0.34615384615384615
চিকেন ফ্রাইতে তো তেল থাকবেই,1,0.4
এখানে দোষের কি হলো দুজনেই তো রাজি তাই না ?,0,0.2
হোটেলের দায়িত্যে জিনি আচেন ঐ ভাইয়ের মোবাইল নাম্বার দিবেন প্লিজ,0,0.3
ভাই তোমার হাত ধরেই অন্যায় অনিয়ম ভেঙ্গে চুরমার হবে এদেশ থেকে ইনশাল্লাহ,1,0.3333333333333333
ছাত্রলীগের মত অন্যসব রাজনৈতিক দল ক্যাম্পাস থেকে অতিসত্তর বন্ধ করে দেয়া উচিত । সাথে শিক্ষক রাজনীতিও বন্ধ করতে হবে কারন আমি ভুক্তভোগী খুবি থেকে,0,0.25
ক্যামেরা টা কে ম্যানুয়াল মোডে নিলে তখন পারবেন,0,0.25
এবিএম সুমন বালটা তো নতুন ফেইস না । সে করুক আর ফ্লপ হোক,2,0.3076923076923077
আপনার আগ্রহের জন্য ধন্যবাদ । টাঙ্গাইলে কাভার করা যায় এমন পাঁচটা জায়গার নাম বলতে পারবেন ? আমাদের সেকেন্ড সিজনের শ্যুটিং শুরু হচ্ছে খুব শীঘ্রই । এর আগে রেকি সফরে যেতে হবে,1,0.25806451612903225
এরজন্য ওইসব টিকেট কেও কিনে না লাগলে ও সে পাবেনা,0,0.2
"ভাই , এয়ারপোর্টে ইমিগ্রেশনে কোনো সমস্যা করবে নাতো ",1,0.375
ভুলবাল নিউজ কইরেন না । নারকোস বা পাবলো স্কোভার এর কোন দিক দিয়াই পরে না,0,0.26666666666666666
"আহ্ , এককালে নিয়মিত খেতাম এখানে ",1,0.3333333333333333
"রাইত বিরাতে দিলেন মাথাডা নষ্ট কইরা , কালকেই বানাবো 100 % ",1,0.45454545454545453
"এসোব দেখার বুঝি কেউ নাই , দেশ এখন রাষ্ট্রীয় কালপিটের দাবা নলে মরছে ",2,0.46153846153846156
"জুম্মন কাকার অসুস্থতার কথা শুনে খুব খারাপ লাগলো । আমিও ২ বার যেয়ে ফিরে আসছিলাম , উনাকে কল দিয়েও পাইনি ",1,0.2
আমরা পশ্চিমবঙ্গের মানুষ এটাকে মুড়োঘন্ট বলি না এটাকে ছ্যাঁচড়া চচ্চড়ি বলি মুড়োঘন্ট করা হয় মুগডাল আর মুড়ো দিয়ে,0,0.3888888888888889
এরকম মাদার চুদ জাজ গুলারে কুত্তা দয়িা চু * নের দরকার । সালারা তোদের নিজের কোন যোগ্যতা নাই আসছে জাজমেন্ট করতে । এখন আবার তাদের দিয়ে ছবি করাবি না । জানুয়ারের বাচ্চা গুলা,2,0.21212121212121213
সিলেটর পাছ ভাই । পানসী । ভোজন বাড়ি । অাশেন এক বার,1,0.3333333333333333
"বাংলাদেশে আইনের লোক সব এইরকমই হয় তাহলে সাদারন মানুষ কি করবে , নিজের গর বারি রেখে জংগলে থাকতে হবে ",2,0.21052631578947367
এইহানেও আপ্নে ? চিন্তা করছিলাম কেউ বলে কিনা,2,0.25
পুলিশ কর্মকর্তারাই আমাদের শত্রু হয়ে দাঁড়িয়েছে ,2,0.3333333333333333
দু কোয়া রশুন চাবিয়ে খেয়ে দেখেন তখন বুজবেন,2,0.375
"ভলো , বাংলাদেশীদেরও ভালো অবিঞগতা আছে বিদেশ ভমনের ",1,0.5
"ও দাদা এতো খেলে তো ডায়াবেটিস হয়ে যাবে , একটু কমিয়ে কমিয়ে খাবেন প্লিজ ",2,0.21428571428571427
আমি ডেকার্স লেন কে আমি বলি,0,0.3333333333333333
সোনার মাসুদ রাণা । বিচারকের মারে চুদি । খানকির পোলা গান্জা খোর । এরে কে বিচারক বানাইছে । বাইনচোদের জন্মের ঠিক নাই । গান্জা খাই আসচে সালা । সেব হয় না না হলেও ২০ বছর,2,0.22857142857142856
ঐ পুলিশ কুওারবাচচাদের গুলিকরে মেরে ফেলা উচিত,2,0.2857142857142857
মদ লকমান না খেলেও আমরা খাই এমনটাই মনে হচ্ছে,2,0.2222222222222222
এইসমস্ত হায়েনা দের কোনো জেল না দিয়ে ফাঁসি দিয়ে মেরে ফেনিশ করে দেওয়া হোক,2,0.21428571428571427
