Text,Actual,Predicted
"স্বাস্থ্যবান হতে চাই , আমি বয়সের তুলনায় অনেক বেশি চিকন । একটু পরামর্শ দেন ",0,1
সৌরভ গাঙ্গুলী ছাড়া দাদাগিরি কখনো জমে উঠত না,0,1
অন্য সব ইউনিভার্সিটিতে এর চেয়ে ভয়াবহ অবস্থা । আমি নিজে একজন ভিক্টিম । খোজ নিয়ে দেখেন,2,1
আর অভাবে কত আসলে সরকারের উচিৎ ভালো কোনো পদক্ষেপ নেয়া ,1,2
আমার পছন্দ সাদা ভা আর গরুর মাংস,0,2
# জনাব_ইসমাইল_চৌধুরী_সম্রাট ভাইয়ের অনতিবিলম্বে নিঃশর্ত মুক্তি চাই,0,1
ঘটনা ঘটার পর টনক সবৈরি লড়ে,0,2
গ্রেপ্তার হওয়া ৩ জন পুরুষ ওদের দেখানো হল না কেন ?,0,2
নওসিন বুবু কেন আপনাকে বিয়ে করলো,2,0
বাপরে আনারসে দাঁত টকে যায় তো দাদা এর সরবত ই ভালো,1,2
অমায়িক ব্যবহার এই রেস্টুরেন্টের স্টাফদের,1,2
ডালনা মনে জানেন না মশাই ?,0,2
রুটিওয়ালাকে অতিসত্বর বাংলাদেশ দলে তামিমের জায়গায় নেওয়া হোক । তাহলে আর ক্যাচ মিস হবেনা,2,1
কুস্টিয়ার কোথায় ? সেটা বলেন,0,2
"ভাই ক্যেমরা মেন কে খাওয়ান না , উনার খাবার টা দেখাবেন ",1,0
"চামুচ ব্যবহার করেন না , সব হাত দিয়ে নিচ্ছেন ",0,2
ভাই গ্লাবস ব্যাবহার করুন,0,2
আসলে রেস্টুরেন্ট গুলোই সব মাছ ইলিশ না । বেশির ভাগ মাছ গুলো চন্দনা ইলিশ । যারা না চিনে তারাই ঠকবে । আর দামটা আপনার মতো করে যাচাই করতে হবে । আর রুপালি ইলিশের দাম অনেক,0,1
আপনার পাশে যে একজন আসহায় মানুষ দাড়ানো আছে তাকে যদি একটা দিতেন তাহলে ভিডিও টা আরো ভাল লাগতো ,2,1
আর আমার কথা হল আমি যদি টাকা নিয়ে যাই তাহলে কিভাবে ভাংগাবো নাকি পারবো না । প্লিজ জানাবেন,0,1
খাবার সামনে নিয়ে এত কথা বলা ! সত্যিই সাহসের ব্যাপার,1,2
"এই সব নরকের কীট কে চাকরীচ্যুত করা হউক , এদের জন্য আজ বাংলাদেশ এই বেহাল অবস্থা । ধন্যবাদ যমুনা টিভি ",0,2
এই গল্পটি স্থানীয় মুরব্বীদের কাছে শোনা ,0,1
আপসহীন রিপটিং এভানেই আপসহীন ভাবে খবর প্রচার করে জান.,1,2
আরে বাবা এদেখি অভিনব পদ্বতিতে ভিক্ষা । কি করছেন আমাদের সম্মানিত প্রশাষন,0,2
আমরা 28 জন গিয়েছিলাম । ব্যাচেলর দের পার হেড 6500 টাকা করে পড়েছিল । ফ্যামিলি হলে 9000 টাকা পার হেড,1,2
ভ্যাকেশন মানেই রেট বেশী,0,1
"সিঙ্গারা এক টাকা হওয়া দরকার । কিন্তু আমাদের ঢাকাতে সবাই বড়লক্স তাই দোকানদার গুলা দাম বাড়ায় ৫ টাকা করছে , কিন্তু সেই আগের মতন এ সব টেস্ট ",1,2
কিন্তু আমার প্রশ্ন হলো বিসিসিআই এ অমিত শাহার প্রভাব কি বোর্ডে রাজনীতির দখল প্রমাণ করে না ,0,2
"হত্যা , ঘুষ , সুদ , ডাকাতি , ভরে গেছে ",2,1
কি আমার দামটাই কমাইছে গো ! ৬০ টাকার জিনিস ৫৫ । মাত্র ৫ টাকা ! ২০ অথবা ৩০ হইলে তাও একটা কথা ছিলো,1,0
ব্রেন মাসালা টা কি গরুর নাকি ছাগলের,0,2
পরলেই ভদ্র লোক হওয়া যায় না,2,1
বিবিসি বাংলার পর যে নিউজ চ্যানেলকে ভালোবাসি সেটা হলো * যমুনা টিভি * দেশের এই প্রতিকূল অবস্থায় ও আপনাদের নিরপেক্ষ সংবাদ গুলো আমাকে বার্তা দেয় * দেশে এখনো সাহসী মানুষ আছে *,0,1
"ত্রিশ লাখ না দিক , লাখ খানিক তো দিতে পারতো , এবার কত লাখ তলে তলে জলে যাবে , এই ঘটনা ধামা চাপা দিতে আল্লাহ জানে , যমুনা টিভি একটু সাহায্য করলেই ",0,1
পুরস্কার গুলা দিতে দেখলে আরো মজা ও ভালো লাগতো ভাই । পুরস্কার যেটাই হোক,2,1
তাই বলি ন্যেকিটা সিরিয়াল ছেড়ে রান্নাঘরে কেন ঢুকলো,2,0
এসব জালিমদের আল্লাহ বিচার করুক,1,2
এরা দুইজনই পেইড রিভিউয়ার এবং এরা খাবারের রিভিউ ঠিক করে একেবারে বলতেই পারে না ,2,1
আর শুধু কি বাংলাদেশিরাই ভারতে চুরি করতে যায় আপনারা আসেন না ? আপনি কি জনেন আপনাদের দেশেরে থেকে আমাদের দেশে বেকরত্ব কম ?,2,1
না দা ভাগাড়ের মরা মুরগী বা পাঙ্গাস নয় আসল ভেটকী,1,2
আপনারতো আর টাকা লাগে না খাইতে । তাই ২৫০ টাকা দিয়ে ভাত খান,2,1
তেহেরীটা পেলে মিস করবেন না,1,0
যানি না এই কমেন্ট পড়বেন কিনা । তারপর ও লিখছি,1,2
পরাতন ঢাকার নীরব হোটেলে খান,0,1
টিপিক্যাল নোংরা কাটার বাচ্চা,2,0
আমার বাংলা দেশি অনেক ভাই বিদেশ থাকে । কিন্তু ওরা দেখতে পায় খেতে পায় না তারা অনেক কষ্ট পায় তাদের দেশের কথা মনে পরে জায় । কেন এমন বিডিও বানান । আসলে আমি বাংলা দেশ থেকে বলছি আমি এক জন মেয়ে,2,1
ভাইয়া কাটার একটা নায়েফ নিলে ভালো হতো কাটতে ,0,1
"সবজি , হালুয়া , ডাল , দই এসব প্রায় সব রেষ্টুরেন্টে পাবেন । এর বেশি ভেজ সকালে আর হয় না । আমাদের এখানে মিষ্টির দোকান গুলোতে সকালে নাস্তা করা যায় ওখানে দই মিষ্টি ও পাবেন ",0,1
ছোট একটা মাছ 400 টা ডাকাতির জায়গা ,2,1
খাবার গুলোর দাম অবাক করার মতন বেশি । আর ওদের আইটেম সব প্রায় একি,2,1
পর্ব বাড়ানোর জন্য হুদাই এভাবে রাস্তা দেখানোর কোন প্রয়োজন নাই । আর একটু পর পর হুদাই ভেভে করে হাসবেন না,2,1
রাষ্ট্রপতির কোন ক্ষমতা না থাকায় আনুষ্ঠানিক প্রধান হওয়ায় এইসব কৌতুক আর নাটক করে বেড়ায়,0,2
এই তো দেখি এরশাদ শিকদারের মত হাহাহা যদি ঠিক মতন বিচার হয় তাহলে এরশাদ শিকদারের মতোই মরতে হবে ফাঁসিতে,0,2
"ভিডিওটা দেখে নস্টালজিক হয়ে গেলাম দাদা , কোথায় হারিয়ে গেল সোনালী সেই সব দিনগুলি , সবাই আমরা চাকরি , ব্যবসা করে সব সুখ স্বচ্ছন্দ কিনতে পারছি , কিন্তু ছাত্রবয়েসের সেই দিনগুলি কোনো মূল্যেই আর ফেরত পাবো না ",1,2
তোমরা কি দুবাই শহর দেখ না যে এখানে একটা ইউটানের জন্য কতটুকু জায়গার দরকার । অল্প জায়গা হলেই হয়,0,2
কার এতো টেকা পড়ছে যে লাখ টাকা দিয়ে আইফোন কিনব যেখানে 40 হাজার খরচে ওয়ান প্লাস এবং এর চাইতেও অনেক ভালো ফোন পাওয়া যাবে,0,1
সাজেক নিয়ে আমার সব গুলো পার্ট না দেখলে বুঝবেন কিভাবে !,0,2
"দেরি হলে তো আরো বেশি টাকা দেওয়ার কথা , কারণ যতদিন সে টাকা নেই নি ততদিন তার টাকার ইন্টারেস্ট বাড়ছে না ? ",0,2
বিদ্যানন্দের নাম শুনেই লাইক বাটনের ক্লিক করে দিয়েছি । এই মানুষগুলোর জন্য অবিরাম ভালোবাসা,1,2
খুব ভালো তবে চিরিয়াখানায় নিলেতো পচা খাবার খাওয়াইবো কারন ওইখানের সব অসাধু,2,1
পাপন তো দেখছি দোগলা ব্যক্তি । যেন দোমুখো সাপ । একমুখে রাম নাম আরেক মুখে রাজ্যের গালি । লোকটার প্রতি শ্রদ্ধা হারিয়ে ফেললাম ,2,1
"ওদের কি উপাধি দেওয়া যায় , শয়তান , ইবলিশ , নরপিশাচ , শুয়ার , কুত্তা , অমানুষ , ধুর ও যায় বলি একটাও ওদের সাথে যাচ্ছে না কম কম লাগছে , কেউ বলে দাও প্লিজ কি উপাধি দিলে পারফেক্ট হবে । ? ",2,1
আপু আপনাকে মেকআপে সুন্দর দেখায় না । সামনেরবার থেকে মেকআপ না করে উপস্থাপন করবেন,2,1
একপিস মাংসের কাচ্চি নাকি ১৮০ টাকা,0,2
এই সব খাবার খেতে কত টকা লাগল,0,2
এটা ডিজিটাল বাংলাদেশ । গরিব দুঃখিদের কি ভাবে পুটকি মেরে খাবে তারা জানে,0,2
"এটা বলা ঠিক না আল্লাহ চাইলে কিনা করতে পারেন , আজ এই কথা বললেন যেদিন এই পদ্মাসেতু নির্ধারিত টাইমের আগেই যদি ভেঙ্গে যায় তখন কি বলবেন , এই কথাটির ফল দেখতে পারবেন অতি শিগগিরই ",0,2
নিজে কি যেই ভালো মানের বুজালেন বুঝা যায় আপনি দেখেন না,2,1
এটা শসা না । পিকল্ স । প্রত্যেক ভিডিওতেই এরকম উল্টা পাল্টা ইনফরমেশন দিতেই থাকেন,2,0
নতুনকে জায়গা দিতে পুরনোকে জায়গা ছেড়ে দিতে হবে,1,2
আপু আমি তো প্রতি দিন হাটা হাটি করি কিন্ত প্যাটের চরভি তো কমেনা ,0,2
মাদার চোদ্দ পুলিশ কুওা বাচ্চা পুলিশ,2,0
টাকা দিয়ে এভাবে ঝাল খেয়ে নিজেকে অত্যাচার করার মানে নাই । টাকা দিয়া খাব যখন আরাম আয়েশ করে তৃপ্তি নিয়ে ধীরে সুস্থে খাব,1,2
"আমাদের বাংলাদেশের কোন কোন জায়গায় সিজনে ৫ টাকা কেজিও বিক্রি হয় , বুঝলেন ",0,2
শক্তিগড়ের লেংচা মিষ্টি ভায়া,1,2
বুয়েটে ছাত্র রাজনীতি বন্ধ রাখা কোনও সমাধান না ছাত্র রাজনীতি তে সুষ্ঠ ধারা ফিরিয়ে আনা হলো ছাত্র রাজনীতি একমাত্র সমাধান,0,1
গাদা কোথাকার ওটাতো উছিলা মাএ বাঁছিয়েছেনতো মহান আললাহ,2,0
এই শালা বলে কেই নকি জোগাজোগ করেনি টাকার ঝনন শালারে বিচার কড়া দরকার,0,2
"4 জন 5 দিন 70 , 000 টাকা । দুই দেশেরই ভিসা লাগবে ",0,1
কে বলেছে আপনাকে এখানে কেবন ব্ল্যাক কফি পাওয়া যায় ? ভালো করে জেনে তারপর ভিডিও বানান,2,1
চাদাবাজি কে ঠিকাদারি বললি,2,0
আমি পানের দোকানে গেছিলাম । কিন্তু লোকটি আমার পানে সম্পুর্ন উপকরণ দেয় নি । অনেক উপকরণ দেয় নি,2,1
এখন ইলিয়াস ভাই এর একটা লাইভ দরকার । দেশের জনগণ যেন জেগে ওঠে । আন্দ লিব রহমান পার্থ ভাই এখন কই মাঠে আসুক । এবং সকলে মিলে দেশটাকে বাচায়,1,2
"পাছায় নাই ছাল থেকে বাকলা , তিন থেকে কলা খাই একলা একলা ",2,0
আপনাকে দেখেই বোঝা যায় যে আপনার তথাকথিত বৌ নওশীন আপনাকে বাড়তে কিছুই রেঁধে খাওয়ায় নাহ । রাস্তায় রাস্তায় ঘুরতে হয় খাওয়ার জন্য,2,1
১ টাকার শিঙ্গারা,1,0
"সেই সব বাবা মারা লোভী , তারা টাকার গন্ধ পেয়েছে । ঢাকায় এসে মিছিল করেন এই ঘুনে ধরা ছেলের বিপক্ষে । লোভে যেন আম ছালা না যাই , ভন্ড সাধু সাবধান ",0,2
"নুরু সকল করিও , কিন্তু কোনো ধর্মকে ব্যঙ্গ ও গালি দিওনা ",0,2
"কামরুল ভাই বলে কম , আমাদের মতো এতো কথা উনি বলেন না , যেটুক বলেন , আলহামদুলিল্লাহ্ ভালোই বলেন ",1,2
আমি খোঁজতে খোঁজতে পাইলাম না । শেষ পর্যন্ত দেখতে হল ,0,1
দারুন হয়েছে আমি আকাশ থেকে পড়বা সাঁতার কাটবো ,1,0
এটাই ত চাই । সবাই মিলেমিশে থাকা । কিছু কিছু ইউটিউবাররা ত একজন আরেকজনের পিছনে সারাদিন গুতোগুতি করে,1,0
"কতোদিন মিস করেছি । "" আরেকটু খাই , আরেকটু মুখে দেই "" ",1,2
এরা লটারির টাকা ভাগবাটোয়ারা করে হজম করে ফেলেছে । এরা প্রতারক । এদের ধরে জনসমক্ষে পিটানো হোক,0,2
এখানের খাবারের মান বিলো এভারেজ । অস্বাস্থকর সব খাবার,2,1
আপনার কমেন্ট টা খুবই কষ্টদায়ক ! একটা ভিডিওর পিছনের কাহিনী যদি জানতেন তাহলে এই রকম কমেন্ট করতেন না ভাইয়া ! আমার কোন টিম নেই । সবই আমার নিজের করতে হয় । চাকরীর পাশাপাশি একটা কোয়ালিটি ভিডিও রেডি করতে যে কি পরিমাণ পরিশ্রম যায় সেইটা চোখে না দেখলে বোঝা কঠিন !,2,1
এরা দুইজনই পেইড রিভিউয়ার এবং এরা খাবারের রিভিউ ঠিক করে একেবারে বলতেই পারে না,2,1
মরলেই ভাল হইত জাক শিক্ষা হইসে অত পানিতে এতো ফুরতি আসে কয়থেকে,0,2
করে আসছি প্রশাসনিক পোশাখ ধারী এই সব পশু যানোয়ারের নির্মম অত‍্যাচার । তাই আজ আমাদের সকলকে এগিয়ে আসতে হবে এবং এই সব মানুষ নাম ধারি পশুর বিরুদ্ধে রুখে দাঁড়াতে হবে,1,2
"রিভিউ ও জায়গা চয়েজ ভাল , তবে এক কথা বার বার না বললে ভাল হয় , এটা বিরক্তিকর , আর সব কিছু এত ওভার এক্সপ্লেইন করার দরকার নাই । ধন্যবাদ ",0,1
"পুলিশের ইউনিটগুলো হয়ে গেছে মাল্টিপ্লাগের মত , যার কোন পোর্টই ঠিক মত কাজ করে না । বাংলাদেশি হিসেবে আমি লজ্জিত ",2,1
আমাদের নতুন চ্যানেলে জয়েন করুন,1,2
বাট আনার পর দেখি ৭০ পেকেট কাচ্চির ভিতর ১২ পেকেটে মাংসের কোন টুকরাই নাই,2,0
"শুওরের বাচ্চাদের আর দেখতে চাই না , ফাঁসি চাই ",2,1
"ভাই , ডিস্ক্রিপশনটা একটু পড়েন প্লিজ ",0,1
মাটন অথবা চিকেন খেলেন সেটা কি হালাল ছিল,2,0
লাইক কমান্ড দিয়ে পাশে আছি,0,2
"তালতলার বিপরিতে যেই তান্দুরী চিকেন পাওয়া যায় , ওটা খাইছেন ভাই ",1,0
সরকারকে পুলিশের জন্য এক টাকাও দিবেন না,0,2
সেই মামা পুরাই অস্থির একের ক,0,1
সাংবাদিকরা যদি বাংলার চাইতে প্রতিবেদনে ইংরেজি বেশী পছন্দ করেন তবে প্রতিবেদনটা ইংরেজীতে করলেই তো পারেন,2,1
"আমার মনে হচ্ছে আপনার অনেক জাল লাগছে , কিন্তু বলছেন না  ",0,1
নাক দিয়ে তরকারি ঘেরান নেওয়া,1,0
ভাই আর্মিদের রিসোর্টে কি সাধারণ মানুষ উঠতে পারে না,0,2
তাহলে আমি হয়তো ঠকেছি ! অথবা ভাড়া বেড়েছে : ),1,2
"স্টার হোটেলে শুধু মাত্র সকালে বিক্রি করতো , এখনো করে কিনা জানি না , তবে এতো স্বাদ স্টার এর কলিজার সিঙ্গাড়া , মনে হয় পুরাই মুখে লেগে আছে এখনো , বিশেষ করে ঠাটারিবাজারের স্টার হোটেলে ",1,2
হ‍্যা ভাই । বিবেকানন্দ রোডে,1,2
এটাই আমার রবের খেলা । কি ক্ষমতা আছে মানুষের এটা আমার ও প্রমান হলো ,1,0
দেশ ছেড়ে কলকাতা গিয়ে রিভিউ মারানো লাগে ক্যান ভাই ? দেশের রেস্টুরেন্ট গুলাকে শো করেন,2,1
ঢাকায় ইন্ডিয়ান থালীর রিভিউ দেখাবেন,1,2
তোরা এক মাদারি । অার কারো বাড়ি পাশনাই ,2,1
কারন রান্না শুরু থেকে শেষ পরযন্ত আমরা দেখছি আপনারা খাচ্ছেন,2,1
রানা দের মত ছেলেরা জাতে হারিয়ে না জায় ,1,2
সরকার চাইলে গরিবের টাকা টা আদাই করে দিতে পারে পুলিশ পসাসন এর দিসটি আকসন করছি,1,2
সাংবাদিক তার ধনটা শুশেদে কুত্তার ,2,0
"নিজের মানুষের সাথে কিসের বদলা ? সে ঝাল পছন্দ করে , রেয়ার খাবার ট্রাই করতে তার ভালো লাগে ",0,2
"আস্তে আস্তে বল করমু পারলে মাইরো ছয় , আমি কামলা খাইট্টা যামু তোমরা কইরো জয় । ❤ ️ ❤ ️ ",1,2
আমি অন্যান্ন ব্লগে দেখেছি এই প্রতিষ্ঠানের বয়স ২৫০ বছর । কোনটা সঠিক,0,1
ডিসেম্বারে খুব শীত থাকে । না যাওয়াই ভালো । ফেব্রুয়ারি থেকে মে হল পার্ফেক্ট টাইম,1,2
"হাসিনা তন্ত্রে এমন গঠনা , বঙ্গবল্টুর সপ্ন ",0,2
আরে নাস্তিকের বাচ্চা আল্লাহ বাচিয়েছে,2,1
ভাই পাচপোর্ট ও ভিসা লাগবে কি,0,1
"আপনি বাঙালি বললে লোকে হাসবে ! আপনি কাসুন্দি জানেন না , আপনি ডালনা কি জানেন না ",2,1
আজ রাতে ডিনার হয়নি বাড়িতে । আপনার খাও ৯ : ৩৬ দেখে পেট ভরে যাচ্ছে,1,2
এতো খাচ্ছেন মোটা হচ্ছেন না কেন,0,2
অনেক বার খাইছি ভাই # মিরপর_1,0,1
মান্নার মুরগীর মাংসের ভর্তা খেয়ে দেখতে পারতেন,0,1
"গত বছরের নির্বাচনের আগে সরকার ভারতকে আমাদের বন্দর দুটি সমর্পণ করেছেন । এখন তারা দুই বন্দরকে নিজেদের মতো ব্যবহার করবে , এতে বাংলাদেশের অর্থনৈতিক ফায়দা হবে না মোটেই , কারণ তাদের ব্যবহারের ক্ষতি পোষাতে আরও বেশি খরচ হয়ে যাবে ",0,2
যমুনার উপস্থাপিকার পোশাক মোটেও গ্ৰহন যোগ্য নয় । এটি আমাদের দেশে বা ধর্মেও গ্ৰহন যোগ্য নয় । এই পোশাকে উপস্থাপনা করলে যমুনা টেলিভিশন তাদের জনপ্রিয়তা হারাবে । তাই আমি বিনীত অনুরোধ করব যে ভবিষ্যতে ভালো গ্ৰহন যোগ্য পোশাক পরে উপস্থাপনা করবেন,2,1
কোন বাঙালি জল খাবার এ সিঙাড়া খায় জানিনা । আমরা সাধারণত সিঙাড়া সন্ধে বেলায় খাই,0,1
ভাই আপনি গাজিপুর হোটেল নিরিবিলিতে জাইতে পারেন জেখানে ৭০ পদের বরতা আছে,1,2
সিংগেল গেলেকি চান্দের গাড়িতে যাওয়া যাবেনা,0,1
ভাই এইটা বম ভাজা না মরিচ চাটনি ?,0,2
আর একটা অনুরোধ যদি রাখেন আরকি একদিন পথশিশুদের নিয়ে ভাল একটা খাবার নিয়ে ভিডিও চাই যারা কখনো এসব খাবার খায়নি,1,2
"পুরো ভিডিওতেই তারা অনেক বোকা বোকা প্রশ্ন করেছে , তার মধ্যে সেরা ছিল ১৩ : ৫৫ এ ",2,1
"আমার মনে হচ্ছে গোস্তের মধ্যে গরমিল রয়েছে , তা না হলে এত কমদামে বিক্রি । একটা কমেন্টসে দেখলাম ২০ টাকায় নাকি হালিম পাওয়া যায় , তাও আবার গরু গোস্ত দিয়ে ",1,2
আল্লাহ তুমাদের সবাইকে ভাল রাগবে,0,1
গত 6 মাসে 2083জন নারী ও শিশু নির্যাতনের শিকার,2,1
"কোন ধরনের জ্বালই আমার জন্য ব্যাপার না , আমি প্রচন্ড জ্বাল খেতে পছন্দ করি ",0,1
খাসা রিভিউ । বাংলাদেশ যাবোই,1,0
"সেলের দিক থেকেই কিন্তু আইফোন নাম্বার ওয়ান ! 2019 এ দেখেন সবচেয়ে বেশি সেল হয়েছে আইফোনের লো বাজেটের ফোন এস আর , শীর্ষ দশে আছে আইফোনের আরও তিনটি ফোন আর বাকি সাতটি হলো লো বাজেটের ফোন  ",1,0
"সরকার এর কাছে বিনীত অনুরোধ এই পুলিশরা ইয়াবা কোথায় পেল , তাদের উপযুক্ত বিচার করা , যাতে ভবিষ্যতে আর কোন পুলিশ এরকম অপরাধ না করতে পারে ",1,2
তিনিত বাংলাদেশের মানুষ ছিল,1,0
ভাই খাইলেন মাছ কাইলেন মাখন ? বুঝলাম না কি খাইলেন,2,0
সত্যিই ভালো জিনিস কার না ভালো লাগে,0,1
ভাই শুধু তো মুখে মুখে বলা আমরা আছি তর সাথে ? আদৌ জীবনে কখনও কোন আন্দোলন কিংবা দাবি প্রতিষ্ঠায় সোচ্চার হইছেন ? আপনারা শুধু পারেন কমেন্ট বক্স গুলাতে কমেন্ট করতে । আপনাদের দৌড় এই পর্যন্তই । তবে নুরুর সাহসীকতাকে অবশ্যই সাধুবাদ জানাই,0,1
কমিশন না দেওয়াতে এত অভিযান চালাচ্ছে,2,1
হোসেন আমার ছোট সৈনিক 1218266,0,1
"এইটা ভ্লগ না , ভ্লগের প্রোমো , তাই এত ছোট ! ",0,1
ডেসক্রিপশন বক্সেই বলে দেয়া আছে,0,1
শচীনদা তো বাংলাদেশের ভাষায় কথা বলছেন না ! ব্যাপারটা কি,2,0
"একটা জিনিস ক্লিয়ার হতে পারছি না , আমি যদি বাই রোডে ভুটান যাই , সে ক্ষেত্রে তো ট্রানজিট ভিসা , লাগবেই বাট , পোর্ট কি চ্যাংরা বান্ধা জয়গাও , দিলে , আমি আগরতলা দিয়ে কি ভাবে যাবো ",0,1
সুশিক্ষাই জাতির মেরুদন্ড ,1,2
খুলনায় ফুলবাড়ীগেট আমি দুই টাকার সিংঙ্গারা খাইছি,1,0
আমি তো সিউলে দেখলাম র‍্যামেন বলছে,1,0
লটারি আয়োজকরা সবচাইতে বড় চোর,1,2
* সকালে কি পানি পাওয়া গিয়েছিলো ? *,0,1
"এই ফ্রাইডে আমি যাবো , কারণ আই লাভ ফালুদা অ্যান্ড লাচ্চি ",1,2
"আমারা সবাই তাব্লিগ এ গিয়ে সুধু অজু ভাংার কারন জানি , কিন্তু ঈমাণ ভঙ্গের কারণ সমূহ জানিনা ",0,2
"সঠিক তদন্ত করে তার লটারির টাকা পাওয়ে দেওয়া হোক , মিথ্যা ভেলুটির কোনো শেষ নেই , সোচ্চার ও রুখে দাড়ান , তার প্রাপ্য টাকা ",1,0
আমি খোঁজতে খোঁজতে পাইলাম না । শেষ পর্যন্ত দেখতে হল,0,1
কুকু বাছা ডাং জুতাদিয়া পিটানো আছিগ,2,1
"তাহলে ক্যাভিয়ার দিয়ে খান ! ভর্তা আমার মতো বড়লোকদের খাবার , আর ক্যাভিয়ার আপনার মতো গরিবদের জন্য ",0,1
"বালবেটা , কি অনৈতিক কাজ , ঝেরে বল না । বলতে লজ্জা লাগে নাকি ? ",0,2
* আমার চিংড়ি লৈতা ফিশ খেতে খুব ভালো লাগে । আর কার কার ভালো লাগে * ,1,2
বাজের ত লিমিট আছে ঐটার কোন লিমিট নাই,0,1
"জীবনের কঙ্কাল টা কাছ থাইকা দেখি , কিছু কিছু প্রশ্ন আছে মনের মইধ্যে রাখি. ",1,0
চাএলিক এত খারাপ ভাবতেও অবাক লাগে এভাবে মানুষ খুন করতে পারে চাএলিগ,0,2
ওই পুলিশদের উপযুক্ত শাস্তি হওয়া প্রয়োজন এরকম পুলিশ না থাকলে ভালো হয় আমাকে এরকম একবার হাসাতে চেয়েছিল আল্লাহ বাঁচিয়েছে,2,0
আইনে পোশাক পরে বেআইনি কাজ করে । এগুলা কি সরকারের চোখে পড়ে না,0,2
"ভাই অনেক দিন ধরেই আপনার ভিডিও গুলা দেখি খুব ভাল্লাগে । বাট আজ যখন 1 । 30 তে বললেন আপনি আলু পছন্দ করেন না তখন নিজেকে আর ধরে রাখতে পারিনি , আনসাবস্ক্রাইব করে দিলাম । বিদায় ",2,1
এরা মনে হয় পরকালে বিশ্বাস করে না । নাইলে এমন পাপ কাজ করার সাহস পাইতো না,0,2
আপনি খাবার খাওয়ার সময় বাম হাত দিয়ে খাচ্ছেন আবার ডান হাত দিয়ে ও খাচ্ছেন একজন মুসলিম হিসাবে ইহা ঠিক নয় । বাম হাত দিয়ে খাবার খাওয়া হারাম,2,1
এই জোকগুলো এতদিন ধরে শুধু চুষেই গেছে ꫰ মনে হয় বাইরের কাউকে কোনদিন কিছুই দেয়নি ꫰ তাই এখন বাইরের কাউকে দিতে ফেটে যাচ্ছে,0,2
শরিরটাকে শুকনা শুকনা মনে হচ্ছে,0,2
"বাই রোড বেনাপোল , বাই ট্রেন গেদে , আর বাই এয়ার । ভিসায় উল্লেখ না থাকলেও সবার জন্য ফ্রি । যেতে পারবেন ",1,2
এই নারীকে জেলে দিলে জ্বলবে আগুন ঘরে ঘরে,0,1
ভিন্ন মতের অব্যশই প্রয়োজন আছে,0,2
ওটা সুদিপার রান্নাঘর না লিখে লিখা উচিৎ ছিল যে সুদিপার কসাইখানা,2,1
"অতটা টেষ্টিও না ভাই , মোটামুটি ",0,1
সুদীপার রান্নাঘরের মালিক কি জি বাংলার সুদীপাদি,0,1
কোথায় পাভলো এস্কোভার আর কোথায় সম্রাট,0,1
বালের হোটেল মাদারের বাচ্চারা,2,0
দ্যাখো ভাই তোমরা ১৯৪৭ এর দেশ ভাগ এর সম্পর্কে জানোনা । আর এ না জানার কারনেই আনেকে আজ বলছো জে তারা এদোশি না,0,2
আপনি সত্যি কথায় লেখেছেন । তাই আনেকের সত্যি হজম হবেনা,0,1
"এই চিত্তবাবু কাংলাদেশে দোকান খুললে কাংলারা হামলে পড়ে খাবে , জিও চিত্তবাবু , কাংলাদেশে অধিকাংশ দোকানের থেকে এই খাবার অনেক ভালো ",1,0
"সবাই একহয়ে বাংলাদেশকে বাঁচান , আর কোনো আবরারকে এভাবে জীবন দিতে না হয় সে পথ খুঁজে বের করুন , জবাবদিহিতামূলক রাষ্ট্র , গণতান্ত্রিক রাষ্ট্র , মত প্রকাশের অধিকার , স্বাধীন ভাবে বেঁচে থাকার অধিকার , দেশের স্বার্থকে আগলে রাখার সুযোগ আজ আর নেই ",1,2
আদনান ভাই কি খাবার চিবানো পছন্দ করেন না ?,0,1
"অাললাহ কে , কোথায় থাকে , সে তো একটি ভাষা , একজন মানুষ ও একটি দেশের সাথে সমপর্ক দেখলাম , সে অারবি ছাড়া বোঝেনা , নিজের প্রশংসা ছাড়া কিছুই বোঝে না , হাস্য কর এই অাললাহ জিনিসটা হাহাহা ",2,1
"ভাও , আপনি ইংরেজিতে কিছু পর্ব করেন ",0,2
ভাই নিলা মার্কেট কোথায় বলবেন কি ,1,0
ভিডিএএর ২ মিনিটে যে ভাবী আসছিল ওইটা ভাবী পরে না আসলে টেরই পেতাম না,0,1
আর সব অপরাধি কে ফাসি দিতে হবে ,1,2
"স‌ত্যি‌রে রে ভাই অপরাধ না ক‌রেও কিছু খারাপ মানু‌ষের জন্য অনেক ভা‌লো মানুষরাও জ‌রি‌য়ে পর‌ছে বি‌ভিন্ন মামলায় , আমার দেখা অনেক ",2,1
সাধারন্ত এতো বেশী প্রশ্নের উত্তর দেবার সময় হয় না ভাইয়া :,0,1
খুঁজলে আর অনেক কিছু পাওয়া যাবে । ঢাকা শহর এক গভীর । নাম,0,1
সবকিছুর পরিমানসহ দিলে অনেক ভাল হইতো,0,2
"মিরের ফুডকা চ্যানেল থেকে ঘুরে আসতে পারেন । লাস্ট দুইটা এপিসোডে ওরা বাঙ্গালী খাবার নিয়ে কিছু রেস্টুরেন্ট কাভার করেছে । সেই রেস্টুরেন্ট গুলাতে আপনি গেলে দারুন হবে । আপনি কমফোর্ট ফিল করবেন , এইভাবে আস্তে আস্তে কথা বলতে হয় যেসব রেস্টুরেন্টে সেখানকার ভিডিও দেখতে ভালো লাগে না ",1,2
এগুলা গরীবের খাবার না । ধনীদের খাবার,2,1
"যেটাকে বললেন যে এত কম দামে কি ভাবে দিচ্ছে এত আইটেম , সেটাকে একনিমিক্স এর ভাষায় ইকোনমি অফ স্কেল বলে ",1,2
বস্তিমার্কা নান্না বিড়িয়ানি এর চাইতে আলুর ভর্তা ডাল এর টেস্ট অনেক ভালো,0,1
"আগামী বছর লটারি বিক্রি করতে আসলে সবাই মিলে ওদের গণধোলাই দিবেন , তাহলেই বাটপার রা ঠিকমতো টাকা পরিশোধ করবে ",0,2
আমি চাই জুমুনা টিভি মাধ্যমে ফিরেয়ে দেয়ার হোক,0,1
ঐটা ইয়েলো ক্যাপসিকাম । কুমড়া না,0,1
"মুরগির খোয়ারে মুরগি , শিয়াল বাজাস ঢোল , গিরোসতের কান আছে খাড়া কি করবি আজ বোল মুরগী ★টাকা শিয়াল★পুলিশ গিরোসতো★আসামী ",0,1
এমন কথাটা শোনে কলিজা জোড়ে গেল,1,0
এই ঘটনার উপযুক্ত বিচার যদি না হয় তাহলে অবশ্যই আমাদের ভবিষ্যতে এ ধরনের ঘটনা দেখার অভ্যাস গড়ে তুলতে হবে,2,1
এতো করুণ অবস্থা দেখে চোখের পানি ধরে রাখতে পারলাম না উপর আল্লাহ অশেষ মেহেরবানী,1,2
"হুঁ । নিঃসন্দেহে , সেরা সি ফুড আ্যরেন্জমেন্ট ! জায়গাটাও দারুন সুন্দর ",1,2
শালা আপদ ঝাল তোর সত্যি লাগছে নাকি সবটাই অ্যাক্টিং করছিস । আর শোন পরেরবার থেকে না মুখটা একটু ভালো করে মুছিস নোংরা লাগে দেখলে পরে,2,1
ভাইয়া অপনে একা ভিত্তি ও ভাল লাগে,0,1
আমার পেটের নিজ থেকে পায়ের তালা পর্যন্ত স্টাম দিয়ে পিটিয়ে তারা স্টাম ভেঙে ফেলে ,2,0
খাওয়ার গুলির রেটিং দিলে খুব ভালো হতো,1,0
শুধু ধরে নিয়ে জেলে আটকে রাখলেই কি এই সব অনৈতিক কাজ বন্ধ হয়ে যাবে,0,2
বড় হোও বাবা রানা তুমি দোয়া করি ,1,2
ভাই অনাকে টাকা দিবে কেন উনিত গরিব না । যারা সরকারে আছে তারা নিবে,0,2
ভাই হাতির চাদাবাজি দুই জনকে মানে দুই হাতিকে দরলো,1,2
আসলে এখান থেকে অনেকেই অপমান বোধ করে ছেলে মেয়ের সামনে স্ত্রীর সামনে ফ্রেন্ডের সামনে উত্তর না দিতে পারলে একটা লজ্জার ব্যাপার,0,2
"এই জন্যই মহিলারা কাজে গিয়ে খারাপ হচ্ছে , সংসার টিকে থাকছে না ",2,1
না । ভুটানের বর্ডারে গেলেই ইন্সট্যান্ট ভিসা পেয়ে যাবেন । তবে আপনি যদি বাংলাদেশি হন তাহলে ইন্ডিয়ার ট্রান্সজিট ভিসা না থাকলে ভুটান যাওয়া যাবে না ( যদি বাই রোডে যান ),1,2
"দাদা আপনি এতো খান , যা দেইখাই পরানের ভিতর হুটোপুটি , ছোটাছুটি লাইগ্গাযায় , বড়োই আফসোস হয় , যদি আপনার লগে যাওন যাইতো , তাহলে কিনা হইতো ",1,2
"নিজের যদি প্রাইভেট কার থাকে , তাহলে বাঘাইহাট থেকে সাজেক যেতে পারবো ",1,0
ভাইয়া এই রেস্টুরেন্টা কোথায় ,0,1
স্বস্তায় দেশী আলু পাইলে বিদেশি আলু কি জন্য খাবে পাব্লিক,0,1
আমাদের জনগনের টাকায় বেতন নিয়া আমাদের এবং দেশটাকে কিভাবে ধংস করে । আহহহ । কিছু বলার নাই । ইনারা নাকি সফৎ নেয় কি নেয় আর কি করে । আল্লাহ আমাদের সাধারণ নিরঅপরাধ মানুষকে হেফাযত করুন,0,2
"বর্তমান ইরানের প্রযুক্তি বেশ জোরেশোরে এগিয়ে যাচ্ছে , তাই সকল দেশের চিন্তা ভাবনা করে ইরানের সাথে টক্কর দেওয়া উচিত ",1,2
এই রকম বিস্বাদ রান্না জীবনে প্রথম খাওয়া হলো,2,1
দেশ টার ভিতরে চোর আর বাটপারে বরে গেলো,1,2
আমাদের দেশে আসলে ৮৬ লাখ ৪ কোটিতে এসে দাঁড়াবে,2,0
আজ থেকে ৯বসর আগেই এই ছেলের সাথে দেখা করেছি,0,2
"বাংলাদেশের রেস্টুরেন্টের ভিডিও দেখতে আগ্রহী , কারণ বাংলাদেশ কখনই যাওয়া হয়নি ",1,2
"আদর করে খাওয়া তো শিখলাম , এইবার ধমকাইয়া , পিটাইয়া কেমনে খাইতে হয় সেইটা শিখান ",2,1
"দাদা , আর কতো খাবেন ? আমরা দেশী ভাই , খাওয়ার সময় আমরা নাই ? এতো দাম কেন ",0,2
"যায় , তবে বর্ডার থেকে না । একটু এগিয়ে গিয়ে বাস পাবেন ",0,1
বাদশা ভাই এর জীবন কাহিনীর মত,1,2
ভাইয়া এটা ত গুনে চলে না চলে ত দিদির নামে তাই এত দাম,2,1
২৭ বার বার্বিকিউ নেশন এ গেছি,1,0
সম্রারের পেছনের লোককে ধরতে হবে,0,2
গরু নাহ রে ভাই মহিষের তেহারী,0,2
বানিজ্য মেলার বিভিন্ন খাবার নিয়ে একটা পর্ব হতে পারে :,0,1
"এটা বলা খুব কঠিন : ) তবে 400 , 1 / 125 , 7 । 1 দিয়ে ট্রাই করে দেখতে পারেন ",0,1
"খাওয়ার পর ভালো মন্দ লাগার কোনো মন্তব্য করলেন না উনি , মনে হয় সচেতন ভাবেই ",1,0
"কিছু করার ছিল না , সবাই ভোজন রসিক ",0,2
টিকিটের নামে এসব ধান্দাবাজী দেশে বন্ধ করা উচিৎ,0,2
আমার ও ভাই তোমার মোতো ঽয়ে ছে ,2,1
আমরা দর্শন সামিয়ার খুলি কে দেখতে চাই,2,1
"এগুলা বাদ দিয়ে নাটোর আসেন , গরুর গোস্ত আর মেহমান দাড়ি গুলা দেখবেন হোটেল গুলার , বাসার কাছের গুলায় গিয়ে লাভ নেই ",1,2
আপনি ঢাকা জেলার মানিকগঞ্জ এর মহাদেবপুর গ্রাম একবার দেখবেন,0,1
বিচার হবে কি ? বিচার হলে কি হবে যদি কঠিন আইনের শাসন প্রয়োগ না করা হয় ?,0,2
"ভাইজান সিলেট আসলেন , আর শাহাজালাল বিশ্ববিদ্যালয়ের ফুছকা-চটপটি ট্রাই করলেননা , মিছ করলেন । মনে অনেক কিছুই মিসই করবেন ",2,1
আপনার মত সাংবাদিক ভাইরা থাকতে এইসব ফুলিস থাকবে না এরা অচিরে হারিয়ে যাবে আবদুল্লাহ তুহিন ভাই একজন খাটি মানুষ খাটি সাংবাদিক,1,2
আর এত খেয়ে একটু পান খাবেন না ? লাভলেন বা লালখান বাজারে গিয়ে একটা ২০ অথবা ৩০ টাকা দামের পান ঢুকিয়ে দিবেন,1,0
এই গুলা বাটপার অমানুসের বাচ্চা দের জুতা দিয়া পিটাইয়া মেরে ফেলুক জনগন,0,2
চোরের দেশে আবার লটারিরি টাকা বিশ্বাস করতে কষ্ট হচ্ছে,0,2
ছাত্রলীগ কুত্তালীগ । ছাত্রলীগ জানোয়ারলীগ । ছাত্রলীগ বদমাইশলীগ,0,2
"উন্নয়ন এর জোয়ার এ ভাসছে নেতা কমি , সাবাস বাংলাদেশ ",0,2
ন থাক আপনে যান আমার এক্সাম আসে ,0,1
আমরা ৩০০ থেকে ৫০০ টাকা চাইনিজ খেয়ে ভাল বলি আর ৩০ টাকায় গরিবের পরিশ্রমের এই খাবার খারাপ বলার কোন ভাষাই নাই,1,2
"নারে ভাই ফলস না , আপনি একদিন খেয়েই দেখেন ",0,1
আমার জীবনে খাওয়া সেরা বাজে বিরিয়ানি এটি :,2,0
কঠোর হস্তে দমন করা হোক এটি জাতির প্রত্যাশা । তবে এই দিকে প্রতিবাদী মরহুমা বোন নুসরাত এর বিচার কি আর হবে না,0,2
"আপনি বাঙালি বললে লোকে হাসবে ! আপনি কাসুন্দি জানেন না , আপনি ডালনা কি জানেন না ? ",2,1
কিন্তু আপনারা লেট করে বলছেন ,0,2
"প্রতিটা মাংসের টুকরো ১০ গ্রাম করে , ৫ টা মাংসে হয় ৫০ গ্রাম । যার মূল্য আসে ২৮ টাকা ৫৫০ টাকা দরে । সাথে ভাত বা খিচুড়ি বা পোলাও দেয় ১৫ টাকার । তাহলে সর্বমোট আসে ৪৩ টাকার মত । যদি আমি ৫০ টাকাও ধরি তবে উনার আরো ১০ টাকা লাভ থাকে ",0,2
বর্তমানে কোনো বিয়েতে সিংহভাগ খরচ হয় খাওয়াতে । একটি বিয়েতে বর পক্ষের আগের মতো কোনো চাওয়া বা দাবি থাকে না । দুইপক্ষ‌ই চায় ভালো করে যেন আপ‍্যায়নটা করে দেয় উভয় পক্ষ ,0,1
৭ : ০০ ভাই আলু ভর্তা নাকের মধ্যে নিয়ে দেখার মানেটা বুঝলাম না । এটা তো খাবার । যেকোন খাবার ই এভাবে সুকে দেখা ঠিক না । আমার অপিনিয়ন,2,0
রাব্বানী হোটেলে নাস্তার রিভিউ দেয়া হইছে,0,2
পেট ভোরে খাওয়ার পর ও আপনার ভিডিও দেখলে আবার খিদে পেয়ে যায়,1,2
"ফাহিম ভাই , দয়া করে চেহারার দিকে একটু নজর দিন ",1,2
খুলে দে ভাই সবাই লুটে পুটে খাওয়া মাগীদের দেখুক,2,1
ভাই ঘাইমা যাইতেছেন । এসি নাই ? তাহলে তো ১৬ আনাই বৃথা,2,1
"দেখেই ত খাইতে মন চায় কিন্তু দাম কম , তাই খাদ্যের মান নিয়ে একটু চিন্তিত ",0,1
আহারে নওশিন আপু না খেয়ে একদম শুকিয়ে গেছে,0,1
ওতদিন ধরি সাবসক্রাইব করছি একটা দিন দাওয়াত দিলায়না রেবা,0,2
পাপন তো দেখছি দোগলা ব্যক্তি । যেন দোমুখো সাপ । একমুখে রাম নাম আরেক মুখে রাজ্যের গালি । লোকটার প্রতি শ্রদ্ধা হারিয়ে ফেললাম,2,1
পাশের ফ্রেন্ডটা কি ছেলে না মেয়ে,2,1
হায়্য রে বাংলাদেশ কুত্তার বাইচ্চা তর খারনে দেশের এই অবস্তা,0,2
রিয়াদ বাতা মাকেট বাংগালী আসুন,0,1
ডিসলাইক দিয়েছে সেই সকল ভেড়া,2,0
আল্লাহ সব পাপিদের একদিন শাস্তি দিবেন,0,1
মাইক্রোফোনের শক্তি বেড়ে গিয়েছে ইদানিং । শ্বাস নেবার শব্দও পারলে শুনিয়ে দেয়,1,2
আপনাদের সবাইকে অনেক বেশি আদিখিল্লাহ মনে হইছে ,2,1
ভাই আপনার ভিডিও দেখলে ভালো লাগে আজকের ভিডিও এর রিভিউ ভালো কিন্ত এসব সস্তা দোকানের খাবারের ভিডিও না করাই ভালো,0,2
"এখানে সবাই বাঙালি , তাই এভাবে লিখলে কেউই বুঝবে না ",0,2
"এইটা না হয় হলো ! কিন্তু , যেখানে সরাসরি সারচ দিয়ে পর্ণ দেখা যাচ্ছে , সেখানে পৃথিবীর শিশুদের মানসিক স্বাস্থ্য এর কথা কে ভাববে ",1,2
আজকের ভিডিও টা সেইরকম এর হইসে,1,2
ওমর ফারুক কে জরুরী গ্রেফতার করা হুক সালাই আসল মাদার চুদ,2,0
"এইটা না হয় হলো ! কিন্তু , যেখানে সরাসরি সারচ দিয়ে পর্ণ দেখা যাচ্ছে , সেখানে পৃথিবীর শিশুদের মানসিক স্বাস্থ্য এর কথা কে ভাববে ",1,2
১২০ টাকায় ৬ টা মাংসের টুকরো,1,2
এই সব প্রতারকরা প্রতি বছর সরল প্রাণ দরিদ্র মানুষের কাছ থেকে কোটি কোটি টাকা হাতিয়ে নিচ্ছে আর দেবারবেলায় টালবাহানা । সরকারের এদিকে নজর দিতে অনুরোধ করছি । সমস্ত প্রকার লটারি বাংলাদেশে বন্ধ করা হোক,0,2
"সাবাস , এই চুক্তি বাতিল করতে ছাত্রসমাজ প্রস্তুত । ❤ ",0,2
ভাই চোরে তো চোর কে সাপট করবে সেটা তো সাভাবিক ,2,1
খাওয়ার সাউন্ড থম থম আওয়াজ,1,2
ঠোটের কালাটা ভালো লাগলো না,2,1
তার মানে টেন্ডুলকারের থেকেও বড়,1,2
কুমির মানুষ খেতে পারলে মানুষ ও কুমোইর খাইতে পারবে,0,2
খাবার মজা না ভাই আমরা খেয়েছি কিছুদিন আগে,2,1
"মাছটা আপনারা দুজন শেয়ার করে খাবেন , মাংসটাও আপনারা দুজন শেয়ার করে খাবেন । ক্যামেরাম্যান কি খাবে ? আপনি কোথাও ক্যামেরাম্যানের উল্লেখ করেন না কেন ? ওনার সাথে পরিচয় করান না কেন ? ",0,1
অনেকেই ক্যাম্পে বোবা খেতে গিয়ে বাবা নিয়ে ফিরে গেছেন,2,1
ভাইয়া আপনি চুলে কালার করেন । পাকা চুল উঁকি দিচ্ছে,2,1
ছাএরা চাইলে সব কিছুই পারে । এটাই তারই প্রমাণ ,1,2
দেশি মুরগির মাংস নরম হবে কেনো,0,2
এলিফেনট রোড মামুন বিরিয়ানিটার রিভিউ করা যায় কম দামে বেস্ট কাচিচ ,1,2
কুকুরের বাচ্চাগুলার অন্তরে একটুও মায়াদয়া কি ছিলো না ?,2,1
আদি শুক্রাবাদ হোটেলে যেতে পারেন ভাই । উনাদের চিকেন গ্রিল আর বুন্দিয়া টা খুব ভালো,1,0
ভাইয়া আমি উত্তরায় থাকি আমি ছিনুক খাব কোথায় পাব উত্তরার কোন রেস্টুরেন্টে,1,0
"খ্যাত ! বাঙালির ছেলে । ডালনা কি জিনিস্ , কলাপাতায় খাওয়া কি জিনিস জানে না ",2,1
* আশাকরি যমুনা টিভির সহায়তায় সেই লোকটা টাকা পাবে কিসের সময় পার হয়ে গেছে এটা তো কোন সময় নির্ধারণ করা নাই ! *,0,1
"ভাই , আমি আগে কখনো যাইনি । এই জন্যই জানতে চাইছিলাম যে , ইমিগ্রেশনের সময় কি ডক্টর এ্যাপয়েনমেন্ট লেটার দেখতে চায় কিনা । কারণ যেহেতু এটা মেডিকেল ভিসা , তাই ",1,2
"কেন , ক্যামেরাম্যান খায় ! তাছাড়া সাথে আরও লোকও থাকতে পারে যাদের দেখানো হচ্ছে না ",0,2
সরকার হঠাৎ করে এমন কিছু কাজ করতেছে চমকে উটার মত । আমাদের আইন শৃঙ্খলা বাহিনী কি আগে জানত না মনে করেন ? পুলিশ টিকই জানত তাদের মাস শেষে মাসোয়ারা দেওয়া হত তাই তারা নিরব,1,2
ভাই দয়া করে প্রত্যেক 6 মাস পরপর চেক করা দরকার তখন ওরা 2 3 বছর মেয়াদ উত্তীর্ণ ঔষধ রাখতে পারবেনা,2,1
আপনি সত্যি কথায় লেখেছেন । তাই আনেকের সত্যি হজম হবেনা ,0,1
"ভাই আপনি সবাইকে দেখিয়ে দেখিয়ে খাবার খান , আপনার কি নজর লাগেনা বা পেট এ অসুখ হয় নি ",0,1
সম্পুর্ণ কৃতিত্ব টা আসলে সিকিউরিটি গার্ডের সে না ধরতে পারলে হয়ত এত কাহিনী হত না ,1,2
পাপন ও জড়িত আছে । ওই সালাকে গ্রেপ্তার করা হউক ,1,2
"এই রানা কে "" ক্ষণিকের ভাইরাল "" হতে দেওয়া যাবে না ",1,2
ক্যামেরাম্যানকে আরো কেয়ারফুল হতে হবে,1,2
ভাই দক্ষ ক্যামেরাম্যান হইলো ভাবি,1,0
"ইরানের উত্থান ইসরায়েলের জন্য সব চেয়ে বড় হুমকি , সাথে সাথে সুন্নী মুসলিমদের জন্যও হুমকি হবে , ওখানে ইরান আরবের মধ্যে অনারব দেশ , জাতিগত সমস্যাতো আছেই ",0,2
অবশ্যই । আওয়ামী লীগ মানেই খারাপ । ভারতের এজেন্ট,2,1
1 : 12 এই লোকটার মতো যদি আমিও ওর পাসায় একটা লাত্থি দিতে পারতাম আমার কইলজা টা ঠান্ডা হইতো,0,1
"ভাই এসব লটারীর ধান্দা বন্ধ করা দরকার সরকার ও জনগন একসাথে মিলে , এসো সবাই ঐক্য বদ্ধ হই ",1,2
"ভাই , আপনার ভ্লগ চ্যানেলে বিভিন্ন বিষয়ে ভিডিও আপলোড করতে পারেন । যেমনঃ শপিং , ফ্যাশান সচেতনতা , ফর্মালি কথা বলার ধরণ , থিয়েটারের বেসিক আর্ট , যেসব জায়গায় ট্যুরে যান , সে জায়গাগুলোর ইতিহাস ইত্যাদি ",1,2
পাচ ভাইতে খাইছেন টা কি ? ৭ জন খাইলে ৩০০০ টাকার বেশি বিল কখনোই আসা সম্ভব না । আর আপনি খাইছেন ৫০০০ টাকার খাবার,1,2
"মাসের শেষ , পকেটে টাকা না থাকলে কিভাবে বাজার করবে ? ",0,2
তাওমিদ ভাই অাপনার জন্য ভয় হয় । ইমরুল কায়েসকে নিয়ে রির্পোট করায় সময় টিভির সাংবাদিককে হেনস্তা করছে বিসিবি । অার অাপনি অাজকে লোকমানের বিরুদ্ধে রির্পোট করছেন অাপনার সাথে অাবার কি ধরনের অাচরন করে তা চিন্তার বিষয়,1,2
কিবাভে বুঝলেন জেলে গিয়ে আরাম আয়েসে থাকবেন তিনি,0,2
ভাই আপনি দিনে দিনে এতো সুকিয়ে যাচছেন কেন,1,2
সবাই বলছে বাংলাদেশী হয়ে লজ্জা লাগছে কিন্তু বাংলাদেশী নয় এই দেশের পরিচালনার দায়িত্ব যার হাতে তার জন্য এই দেশটা লজ্জিত,0,2
* ডাব সরবতের রেসিপি আচার্য প্রফুল্ল চন্দ্র রায়ের মস্তিষ্কপ্রসূত । *,0,2
"ঝাল কমানোর জন্য , সবাই সমান ঝাল খেতে পারেনা ",1,2
বড় হোও বাবা রানা তুমি দোয়া করি,1,2
এখন আমি যদি বাই রোডএ যাই তাহলে কি আমার ইন্ডিয়ান ভিসাতে কোন সমস্যা হতে পারে,1,0
"৬০ টাকা দিয়া এতো কিছ , দারুন ",1,2
কবে যে উপর দিয়া হাঁটবার পারমু । মুখে দাঁত থাকব রে আবুল ? সোজা কইরা না খাইয়া বাই হাত দিয়া ঘুরাইয়া ভাত খাওনের কি জ্বালা !,2,1
ভাই ঘুঘু পাখির খামার আছে,0,1
নাটক করলে যে টাকা ইনকাম করে ইউটিউবে এখন এর চেয়ে বেশী ইনকাম করা কোন ব্যাপারই না,1,2
"ভাই এতো খাবার গুলো কি বিক্রি হয় ? নাকি খাবার গুলো বাসি হয় , ? এতো আইটেম দেখে মাথা ঘুরছে । টেষ্ট কেমন ",1,2
"ডাকাতের ঘরের ডাকাত আমেরিকায় এইরকম একটা রুটির দাম বাংলাদেশের 15 টাকা , আর তোমরা বাংলাদেশে ভেজাল তেলের বানানো এক পিছ রুটি 20টাকা , কেউ এই ডাকাতের রেস্টুরেন্টে খেতে যাবেননা ",2,1
ভাত চটকানোর আওয়াজটা পর্যন্ত ভিডিওতে শোনা যায় ! হা হা হা । : :,1,2
"আপনাদের পরামর্শ নিয়ে এগিয়ে যেতে চাই , এই ছেলেটাকে নিয়ে কিছু একটা করতে চাচ্ছি ",1,2
আপনাকে কয়েকবছর আগে একরকম দেখেছি,1,0
"10 । আল্লাহর মনোনিত দ্বীন , ইসলাম থেকে মুখ ফিরিয়ে নেওয়া । ইসলাম অনুসারে আমল এবং শিক্ষা গ্রহণ করতে নারাজ হওয়া । দলীল : - ( সূরা সাজদাহ - 22 / কাহফ - 57 / ত্বা - হা - 124 - 126 / মুমিনূন - 71 ) ",0,1
যাবে না এবং দ্বিতীয় ইনিংসে ব্যাটিং করলেও বড় স্কোর তারা করার মেন্টালিটি,0,1
কেমন কথা ঠিকানা নাই । বটতলা । হায়রে বোধ,1,2
"দেশ পরিস্কার করতে পুলিশের 24 ঘন্টাই যথেষ্ট , শুধু এটাই বললাম ",1,0
"এত লোভ দেখাচ্ছেন আপনি ! । সে যাই হোক , অবাক লাগছে থেকে আ্যাত্ত আ্যাত্ত পদ আপনি সাবার করবেন কেমন করে ! ",0,1
সন্তান কে কি পরিমান ভালোবাসলে একটা মা বলেন যা হইসে হইসে অন্তত বাচিয়ে রাখতো মেয়েটাকে,2,0
আশরাফুল তো আর পাপনের খাতিরের মানুষ বা দলীয় লোক না যে আশরাফুল কে ছাড় দিয়ে কথা বলবে পাপন,1,2
আপনি হাইকোর্ট রিট করেন আশা করি ফলাফল পাবেন,0,1
সৌরভ গাঙ্গুলীকে অনেক ভালো লাগে । তিনি ইন্ডিয়ার ১ নাম্বার ভদ্র প্লেয়ার । ভিরাট কোহলির মতো বিরাট বেয়াদব নয়,1,2
একদম না । এখানে সব হারাম খাবার খাওয়ানো হয় । হারাম হালাল যদি বিচার না করেন তো আসেন । কিন্তু এসে পরিবেশ নোংরা করবেন না,0,1
এই খাবার সাহরি তে মানায় না । আমি ও প্রচুর খাইছি পুরোনো ঢাকায় । এখানকার অলি গলি অনেক খাবারের দোকান আমি জানি,0,1
এই সামিই কি রেডিও ভূমিতে খেলার কাভার করেন কি ? স্বর তো একই লাগছে,0,1
বিকৃতির নতুন নাম র‍্যপ সং,2,1
চেন্নাই ভেল্লোরের খাবারের রিভিউ দিন । ভেল্লোরে বাঙালী খাবার পাওয়া যায় কি না,0,1
আমার মতে ঢাকায় এ রকম 10 টি আবাসিক হোটেলের লাইসেন্স দেওয়া হোক যাতে করে আর আমাদের মা বোন শিশু দের ওপর ধর্ষণ করা অনেকটা কমে আসবে তাই এই বিষয় সরকারের ভাবা দরকার পুলিশ তো এমনিতেই গোপনে মাসুরা নিয়ে এবেল এবেল চালিয়ে যাচ্ছে এই ব্যবসা,1,2
বুদ্ধিমান চোর চোখ পলানতির মতো কুক বললেই বলতে হবেকোথায় নাহলে ফেল টাকা দেয়া সময় লুকিয়ে থেকে পরেবলে সময় পেরিয়েগেছে এদের জালিয়াতি জন্য হাজারো মানুষ পথেবসচে,0,2
"দাশ কেবিনের খাবার গুলো খুব উপদেয় মনে হলো । দাম খুব ভালো । আমরা সাত বছর আগে গড়িয়া হাটা , কলকাতা গিয়েছিলাম । তখন দাশ কেবিনের খবর জানা ছিল না । মিস করেছি ",1,2
হুম এটাই বাংলাদেশ । সব ই সম্পর্ব । পৃথীবি ধ্বংস হয়ে যাবে বাংলাদেশ কখনো ঠিক হবে না,0,2
এই দোকানে আমি চটপটি খেয়েছি ভাল না,2,1
যমুনা টেলিভিশন কে কি বলে ধন্যবাদ দেবো ভাষা খুঁজে নেই আমার তবে হাতির দুটোকে যদি স্বামী - স্ত্রী জোর দিয়ে রাখা যায় তাহলে হয়তো আমরা আরো অনেক হাতি দেখতে পারবো ইনশাআল্লাহ,0,1
এখন প্রধানমন্ত্রী কাছে নিয়ে কেন বলে না যে আমি তোমার পাশে আছি । শুধু নিজের বেলায় ষোলআনা । পরে বেলায় একআনাও না,2,0
আমি করিনি । ইউটিউব বিশেষ কারণে মাঝে মাঝে কিছু কিছু ভিডিওতে কিছু সময়ের জন্য কমেন্ট অপশনটা বন্ধ করে রাখছে,0,1
"তারপর শুধু সাজেক যাচ্ছেন তা না , ওইখান এ গিয়ে আপনি যেইখানে যেতে চাইবেন ওইখানেই নিয়ে যাবে ",1,2
"মানুষ কত কিছুই তো বলে , শুনা কথায় কান দিবেন না ",0,2
লিটারি মানেই হলো ধান্দাবাজি আর বাটপারি,0,2
আসুন আমরা সবাই পাঁচ ওয়াক্ত নামাজ পড়ি আল্লাহ ও নবির প্রতি ঈমান আনি ।,0,1
"ধর্ষকের শাস্তি জনসম্মুখে মৃত্যুদন্ড তিন চারটা দিলে ধর্ষনতো দুরের কথা , কোন মায়ের দিকে চোখ তুলে তাকানোর সাহস পাবে না ",0,2
বাইয়া মোনাইল নাম্বার দিয়ে দিলে ভালো হতো তাহলে জাইতাম,1,2
"কেন ? অাজ কেন ? অাপনারা কি দেখেন নাই ? সেই ভিডিও , তাহসিনেশনের সেই ভিডিও , কিভাবে অত্যাচার , গালাগালি করছিল ! কি রকম হতে পারে নির্যাতন , দেখে অাসেন ঐ ভিডিওটি অারো কয়েক মাস অাগের ",2,1
এই রানা ত এফবিতে পুরাই ভাইরাল হয়ে গেসে,1,2
এত অপরিচন্ন পরিবেশের খাবার খাওয়া ঠিক না,0,2
বাংলা দেশ পুলিশ কে জুতা মারি✅,2,0
আমা‌দের এলাকা‌তে এটা‌কে ধাপরা ব‌লে কিন্তু এখা‌নে পাতলা বে‌শি,1,0
"ভিডিওর গুনোগতমান , ভালো করুন , সুন্দর শো ",1,2
বুজলাম বাট মরা মুরগি না তাজা খাসি বিরানী,0,2
এতো খাবেন না পেট ফেটে যাবে,0,2
ভাইয়া 3জি / 4 জি সেবা বন্ধ থাকার কারনে সমস্যা হয়ে গিছে,0,2
"একটা জিজ্ঞাস‍্য বিষয় ছিল , খাবারের পরিমাণ বেশ অনেক দেখছি , একটা থালি দুজনে শেয়ার করা যায় নাকি ",0,1
এত তরকারি কিভাবে খাবেন দাদা । আমি আলু ভরতা্ দিয়ে দুআড়াই প্লেট সাবার করত পারবো লগে কাচা মরিচ হলে চলবে,0,1
"যদিওবা বেশি ভিউর জন্য দিছেন কিন্তুু মনে হয়না টাইইটেল ট্যাগ কাজ করবে না , কারন আপনি ওত বড়ও সেলিব্রেটিও ছিলেন না ",2,1
আরো আরো আরো আরো আরো আরো ভিডিও চাই চাই । চাই,1,2
তার ওয়াইফ কিন্তু চরম বুদ্ধিমতী তানাহলে দরাতো পড়ে গেলে অল্পের জন্য বেঁচে,0,1
ভাই স্কাই লাউঞ্জ কিভাবে ব্যবহার করব,0,2
ত্রই সব প্রতারনা ব্যাবসা বন্ধ করেন,0,1
ভাই অখানে মোবাইল নেটওয়ার্কের সিগনাল কেমন পাইসেন ? কোন সিমে থ্রিজি কাজ করে,1,2
রাইট কথা এখন না হলেও এক সময় হবে ইনশাআল্লাহ,0,1
সাধ্যেরমধ্যে সব টুকু সুখের মত,1,2
ভাই মাইয়্যা গুলোরে দেখাইলেন আর বীরপুরুষ ৩ জন কে কেন দেখালেন না ! তুইও মজা লস ভাই,2,1
লিপু আর নতুন ভাবির জোড়া মাশাল্লাহ,1,2
লেবুচুর খাওয়া দেখে জিব্বায় পানি আসছে কার কার ? লাইক দিয়া জিব্বাহ দেখাও,1,0
দেশটারে বেইচা দিলো ! ভারতের কাছে,0,2
"রসের রশিক বাঙ্গালি শুধু মাত্র মিষ্টি খেয়েই নয় , খাইয়েও তৃপ্তি পায় ",1,0
ভাই আপনি কি ধারাভাষ্যকর দেন,0,2
স্পা ওস্পা সব ধংস করে দিবে সরকার । ইনশাআল্লাহ,0,1
আমার মতে ম্যাজিষ্টেটের চাদা বাজ হাতি পিছনে না দৌড়িয়ে চাদাবাজ নেতা খেতা দের পিছনে দৌড়ানো উচিত,2,0
"হাহাহাহা , না আপনার ভয়ের কোন কারণ নেই । সবগুলো আচার চাখার জন্যই তারা নতুন চামচ দিয়েছে ",0,1
আইন আছে । কিন্তু য়ারা আইনের কাজ করে তারা,0,2
আপনারা অনেক দেরিতে তার খোজ পেয়েছেন,0,1
পুলিশ আপিগুলা দেখতে অন্নেক সুন্দর,0,1
"সালমা নির্বাচনে হারার পর থেকেই পুলিশের বিরুদ্ধে একের পর এক সরযন্ত , হাহাহাহা ",2,1
পাপনকে পাপর বানিয়ে কুত্তাকে খাওয়ানো হওক,2,1
কোথায় স্পষ্টতা ছিল না ভাইয়া,0,2
একা রামে রক্ষে নেই আবার সুগ্রীব দোসর,0,2
"কেন আমরা বাংলা ইংরেজী বাংলিশ মিলিয়ে কথা বলি । এরা বলছে আমরা তাদের অনুকরণ করছি কি বিস্রি ব্যাপার । এই প্রবনতা বাংলাদেশ , ইন্ডিয়াতে বেশি ",1,2
এই সংবাদ পরিবেশনের দরকার নাই । যদি চেহারা না দখানো হয় । চেহরা দেখালে হয়ত সামাজিক ভয়ে এ কাজ গুলো বন্দ হত,0,2
"গুলিস্তানের ঘোড়া গুলোর দিকে একটু নজর দিবেন প্লিজ , হাতি আর কি , তার থেকে ১০০ গুন বেশি খারাপ অবস্থায় আছে ওই ঘোরাগুলো , কী যে কষ্ট দেয় ওদেরকে , না দেখলে বুঝা যায়না ",0,2
ভাইয়া মখদুম শাহদৌলা ( রহঃ ) এর মাজার যে দরগাহপাড়াতে ওটা সিরাজগঞ্জের শাহজাদপুরের দরগাহপাড়াতে ,0,1
বালের তেহারী হানিফের পায়ের যোগ্য না । খাইয়া দেখছি নরমাল,2,1
তোর ভিডীওর বিতর শিখার কিছুও নাই । তুই একটা বাজে লোক বেটা,2,1
আমরা বাড়ি মৌলভীবাজারে । আপনারা মনে করেন সিলেট আহামরি কিছু । আসলে কিছুই না ,2,1
আমরা চাই দূরত ফাঁসি হোক জানি না সরকার কি চাই ইনসাহ আল্লাহ । আল্লাহ ভাল জানেন,0,1
হা ক্যান্টনমেন্ট জেসবের কাছে । থানার সামনের গলি,0,1
এই দেশে নিজের টাকাই তো জানোয়াররা মেরে খায় । আবার লটারীর টাকা কিভাবে দিবে ? এরা ধান্দা করতে এদেশে আসছে । ধান্দা শেষ খোদা হাফেজ,0,2
"আহারে , রাব্বির আর তন্ময় ভাইয়ের টার্ন আসতে এতো দেরি হচ্ছিল । কষ্ট লাগছিল : ",0,2
কাঁচা রসুন না খেলে কি হয়,0,2
ভাই কিভাবে যেতে হবে এটা কোথায,1,2
"খুধায় পেটটা পুড়ে গেল , মনে হচ্ছে এখনই ঝাপিয়ে পড়ি বটতলায় ",1,2
মানুষ মদ খায় গাজা খায় সাপ খায় ইদুর খায় কুকুর খায় কুমির খেলে সমস্যা কি,2,0
দেশে শান্তি চাইলে প্রথমে কুখ্যাত সন্ত্রাসী খুনি দুর্নীতিবাজ ছাত্রলীগকে নিষিদ্ধ করতে হবে,2,1
"মার্চের প্রথম সপ্তাহে গেলে কি ইউমথাম ভ্যালি , কাটাও জিরো পয়েন্ট , গুরুদুংমার লেক , ছাঙ্গুলেক পৌঁছানো যাবে ",0,1
"প্রেগন্যান্সির​ জন্য যখন কোনো রকম খাবার‌ই মুখে তুলতে পারছিনা , এই ভিডিও দেখে তাও কোলকাতার কচুরি কে মিস করছি খুব ",1,2
"বেশি সম্রাট সম্রাট না করে বাংলদেশ ইন্ডিয়া চুক্তি নিয়ে কথা বলুন , কাজে লাগবে ",0,2
"মাঝেমধ্যে জাই বোবার বিরিয়ানি খেতে , খুব টেস্টি ",1,0
কতটা নিকৃষ্ট হলে একজন অসুস্থ মানুষকে ফাঁসাতে পারে,2,1
এই হোটেল এর যতটা নাম ততটাই ভূয়া খাবার । যদি কেউ বলে খাবার মজার তাহলে মিথ্যা বলা হবে । আমি ৬ জন বন্ধু নিয়ে গিয়েছিলাম একজনেরও ভালো লাগে নাই । জঘন্য লেগেছে খাবার,2,1
* নটির বাচ্চার গুষ্টি চুদি *,2,0
ভাই এরকম ফুড রিভিউ বাংলাদেশ থেকে পাব খুব অবাক হলাম,1,2
সরকারী লোক তো কিছু হবে না,0,2
পানি খেলে কী আর খীদে কমে,0,2
হিন্দু থেকে মুসলিম হয়ে কি বললেন সুনুন,0,2
"নবী (সা) বলেন , তোমরা তোমাদের সন্তানদের নামাযের আদেশ দাও , যখন তাদের বয়স সাত বছর হবে । আর তাদেরকে নামাযের জন্য প্রহার কর যখন তাদের বয়স দশ বছর হয় এবং তাদের বিছানা পৃথক করে দাও । [আবূ দাঊদ , ৪৫৯] ",1,2
ভোট চোরদের সহচর এই অমানুষগুলো,2,1
এমন ছাতা খাওয়ার দরকার কি জীবণ দিয়ে,1,2
ভাই কিভাবে এত্ত ফেট লস করলেন একটি ভিডিও দেন,1,2
"কত গুলা আইটেম নিছে দেখছেন , আমি আর আপনি থাকলে যে কোন একটা আইটেম নিতাম , এর জন্যই এত দাম পড়ছে ",2,1
আর ঘর থাইক্কা অর্ডার কইরা,0,2
"এটার বয়স ২ বছর প্রায় । আমরা ঘুরতে ঘুরতে আবিষ্কার করি । লোকেশন হলো বাংলামোটর থেকে একদম কাছে সেভেন হিল রেস্টুরেন্ট এর পাশের বিল্ডিং । ওনাদের ফেসবুক পেজ এর লিংক দিলাম , চাইলে ওখান থেকেও লোকেশন দেখতে পারেন ",0,1
তার সব দন বান্ডার সরকারি বাজে আপ্ত করা হোক জারা অবয়দ সমপদ বানিেছে তাদের সব সমপদ সরকারী গোডাওনে বাজেআপ্ত করে দেশের উন্নতির কাজে লাগানো হুক,0,2
ধর্ষণের শাস্তি জনসম্মুখে ব্লেড দিয়ে জেন্ত শরীরের চামরা ছাড়িয়ে নেয়া হোক একটু একটু করে তাহলে আর এমন গঠনা দেখতে হবেনা,0,2
প্রেজেন্টেশান ভালো ছিল । সি - ফুডের টেস্ট একটু ডিফেরেন্ট হয়,1,0
সেটি হলো চট্টগ্রাম ও মংলা সমুদ্র বন্দর দিয়ে ভারতীয় পণ্য পরিবহনের বিষয়ে একটি স্ট্যান্ডার্ড অপারেটিং প্রসিডিউর ( এসওপি ) সই করা,0,1
জারা ঘোষ খেয়ে এসব করার সোযোগ দিছে তাদের ধরা হয়না কেন,0,2
"আদনান দা , আপনার আর বৌদির যুগলবন্দী এই ভিডিওর সবথেকে বড় পাওনা । খুব ভালো লাগলো ",1,2
অন্তত ধর্ষনের জন্য হলেও একটা কুরাআনের আইন চালু করা হোক । ধর্ষন তো দূরের কথা কেউ তাকাতেও সাহস পাবে না,1,2
"থালির সাথে অতিরিক্ত ভাতের জন্য ২৫০ টাকা , ! এতো পুরো জালি রেস্টুরেন্ট , ! যেমন মালকিন তেমন দোকান ",2,1
পিছে বিদ্যালয় এর মেয়ে টি খুব মিষ্টি ছিল,1,2
ওটা নিয়েতো একটা নিউজ ও দেখলাম না,0,1
এবার বাস্তবে দাদাগীরি হয়ে গেল.,0,1
ঠিক মনে নাই । ফাইল টাও খুজে পাচ্ছি না । তবে ১৪ থেকে ১৫০০০ রুপির বেশী না,0,1
দলীল : - ( সূরা মুহাম্মদ - 8 - 9 / তাওবা - 48 ),0,2
কোনো সময় যুদ্ধ হলে আমি রাজাকার হবো,2,1
পিবিআই মানে পুটকিতে বাঁশ ইনস্টলেশন,2,0
"কিন্তু আজ দেখি , কেমন বিদ্বেষ দুই জনপদের মাঝে । একজন অন্যজনকে দেখতেই পারে না । আমার নিজের দেশের অসভ্য আছে । এই দেশেও আছে ! একজন মানুষ খাবারের রিভিউ দিল , তাকে মাদারচোদ , বেহেনচোদ , চুতিয়া বলে গালাগাল দিচ্ছে ",2,1
শিক্ষা জীবনে ছাত্র রাজনীতির দরকারটা কি সেটাই তো বুঝে আসছে না ,0,2
মানুষ কি সার্কাজম বুঝে না,0,2
মরিচ না কি বিছিয়ে রাখছে,0,2
"ভাই ধরেন আমরা 7 জন যাবো , গ্যাংটকে সব থেকে কমে হোটেলে 7 জনের জন্য কতো পড়বে ? কিংবা পার হেড ",1,2
আমাদের কে তো কেউ বলেনা আসতে,2,1
"বাহাদুরি আলাপ করছেন , কালকে আপনাকে পুলিশে বড় পোষ্টে নিয়োগ দিলে আপনিই ঘোষ খাওয়া শুরু করে দিবেন , আমি দেখেছি পুলিশ প্রশাসনে অনেক ভাল লোক ও আছে যাদেরকে টাকা দিয়ে কিনতে পারবেন না । সব লোক খারাপ নয় ",0,1
"জঘন্য , ফালতু সব পিঠা , বেশির ভাগই পচা , বাসি , বিস্বাদ , দাম বেশি , দুইচার টা ছাড়া বাকি গুলা খালি দেখতেই যা একটু সুন্দর , ! আমার টাকাটাই নষ্ট ",2,1
আমারে মাইরা ফালাইলেও এতো ঝাল খাইতে পারুম না,0,2
খিচুড়ির জন্য হলেও এই রেস্টুরেন্ট এ যাবো ❤ ️ ❤ ️ ❤ ️ ❤ ️,1,2
ফুড ব্লগিং এর মিনিং না বুঝলে সার্চ করে নিবেন,1,2
"ঢাকার চেয়েও যে কলকাতায় ভাতের দাম বেশি , এটা জানা ছিল না ",0,1
ভিডিউ টি দেখে আহামরি কিছু নেই একদম ফালতু ভিডিও,2,1
যারা এই হাতি দুটিকে দিনের পর দিন কষ্ট দিলো তাদের কে কঠিন শাস্তি দেওয়া উচিত । জীবজন্তু পশুপাখি দের ব্যবহার করে যারা ব্যবসা করে তাদের বিচার করা উচিত । ঢাকা শহরের হাতি আর গুলিস্তান থেকে ঘোড়াগুলি কে উদ্ধার করেন,0,2
"দশ টাকার লেবুচুর খাইতে মোট কত খরচ হল ভাই অাপনার ? দারুন হয়েছে ভিডিওটা । ঢাকা থেকে অামরা কিভাবে যাব ? বোমভাযা , ভাংচুর খেতে হবে ",0,1
ভাবি আপনেরে ভাইয়া ডাকে,0,1
সাবাস যমুনা টেলিভিশ আমি এই সরকারকে পছন্দ করি এই সরকার যে উন্নয়ন করেছেন সত্যি প্রশংসার দাবিদার । কিন্তু আমি এই সরকারের প্রশাসনকে একদম পছন্দ করিনা তারা মানুষকে মানুষ মনে করে না,1,2
গত শুক্রবার৯ অথবা ১১ অথবা ১৮ বহুত আশা নিয়া দুই বন্ধু সহ গিয়েছি,0,1
নাস্তা কি রে ছাগল । জল খাবার বলো । বিহারী নাকি,2,1
পাপ বাপকেও ছাড়েনা । তোদের দিন ও একদিন শেষ হবে তার পরে জনগনের দোলাই খাবে শেদিন হয়তো বেশি দূরে না,2,0
"না , সৈয়দ খালেদ সাইফুল্লাহ ভাবি ",0,1
এত কষ্ট করে যেহেতু কমেন্ট বক্সে এসে পড়েছেন । তাহলে আর একটু কষ্ট করে আমার চ্যানেলটা সাবস্ক্রাইব করে দিন । প্লিজ ভাই প্লিজ সাবস্ক্রাইব করে দেন না । ভাই ও ভাই এমন করতেছেন কেন ভাই,1,0
আবরারের কারনে সবার মুখ খুলছে,1,2
কালো জামের খালাতো ভাই ? লুল,1,0
হালায় বোকাচন্দ্র রইয়ে গেলো,2,0
"ইরান মুসলিম দেশ , কিন্তু উহারা কিন্ত অন্য জাতের ",0,2
"আপনি সামনে থেকে ডালের ওপরে নারকেল চিনতে পারছেন না , ? চাটনি কে বলছেন মিষ্টি , ভিডিওটা খুব একটা ভালো লাগলো না ",2,1
আস্তে আস্তে তুমি বাদ তোমার জানানো লাগবো না,0,1
ভিডিও জুড়ে বাজে একটা শব্দ কানে লাগছে খুব,2,1
জায়গা তো দারুন ভাই । কিন্তু আপনি যেটা বলছেন কথা সেটাই । জায়গাটা সবার জন্য নাহ,1,2
"মাহসান সপ্ন , এইবার ওর বাসায় যাইব ",0,1
"মাশরাফি দলে থাকলে , দলে রাজনৈতিক কাজ করে । তবে আশা করি কোনো জাগাতে না রাখা হউক ",2,1
"অনেক গুলো রিসোর্ট নিয়েছিলাম । মেঘ মাচাং , মেঘ পুঞ্জি , নিসোর্গ । ভাড়া গড়ে 2500 - 3500 টাকা ",0,1
ভেজাল খাবারের মহাসমারোহ,2,0
আমি আজকে পুলিশ এর চাকরি উদাহরণটাই দিবো,2,1
এরা সারাজীবন অনুসন্ধান করেই যাবে ফল প্রকাশ করা হবে না,2,1
"টুরিস্ট ভিসায় ইন্ডিয়া ঢুকে , ইন্ডিয়া থেকে মালেশিয়া ফ্লাই করে , আবার ইন্ডিয়ায় রির্টান করা যাবে ? ( মালেশিয়ার টুরিস্ট ভিসা লাগানো আছে ) ",1,2
ঐ শালারে বরখাস্ত করা উচিৎ । একটা দ্বায়িত্বশীল জায়গায় থেকে সে কিভাবে এই হুমকি দেয়,2,0
"এই টিকেট ব্যবসা বন্ধ হোক , আর ভোক্তা অধিকারে মামলা করা হোক ",1,2
শেখহাসিনার দুই গালে জুতা মারো তালে তালে,2,0
"ক্যামেরা ম্যান কে খাবারের দিকে একটু বেশী ফোকাস করতে বলেন , উনি খাবার গুলোকে আকর্ষনীয় ভাবে প্রেজেন্ট করতে পারছেন না । ক্যামেরাম্যান চেঞ্জ করেন প্লিজ , নাইলে এই প্রোগ্রামের মান কমবে । আর আপনি যখন কথা বলবেন তখন মিউজিক টা কমায় দিবেন ",0,2
এঁদের কে ক্যামেরা সামনে আনা উচিত তার পড়ে কিছু শিখা হবে,2,1
মাশরুফ ভাই এর মত মানুষ হয় না,1,2
অবশ্যই সুবহান আল্লাহ বলা উচিৎ,1,0
এরা মানুষ নাকি অন্যকিছু ,2,1
বাঘের গন্ধ পাই তুমার মাঝে নুরু ভাই ❤ ❤ ❤ ❤ ❤ ❤,1,2
"খুব ভালো , আপনি আসুন আমরা বাড়িতে , ৮৬১৭৭১৭২৬৮ আমার ফোন নাম্বার ",0,1
আশরাফুল তো আর পাপনের খাতিরের মানুষ বা দলীয় লোক না যে আশরাফুল কে ছাড় দিয়ে কথা বলবে পাপন ,1,2
আামাদের দেশে সব সম্ভব । এই সরকার অায়োজকদের একটা বালও ছিড়তে পারবেনা । আামাদের দেশে অাইনের যে একটা চোখ তা অার বলতে,2,1
"এইসব ফ্রি খাওয়া , রেস্টুরেন্ট পরিচিতির জন্য ",0,2
"সাবাদীকে ধন্যবাদ জানাই , আপনারায় পারেন দেশটা কে রক্ষকা করতে ",0,1
মিডিয়া আর কোন কবর পাছনা এয়টা দেকাস সে জদি কোন আন পড় ত এয়টা কিনতু দেকাতিনা ,2,0
সারা বাংলার পুলশেরা যেন এমন হয় । না বুঝে না শুনে কাউকে যেন হয়রানি ও নিয্যতন না করে । তা হলে দেখবেন বাংলাদেশ একদিন সোনার বাংলায় পরিণত হবে ,1,2
সবাই মিলে আওয়াজ তুলুন । আবিরারের লাসের উপর দিয়ে ফেনি নদীর পানি ভারতে যাবে না,0,2
সস্তার মধ্যে ভিডিও দিয়েন ,2,1
অামি কাগজ দিয়ে ফুল তৈরি করা শেখায় অাপনি চাইলে দেখে অাসতে পারেন ত্ররকম ভিড়িও পেতে অামাদের সাথেই থাকুন ,0,1
বাল তর মারে চুদি তরা আরো বড় বাটপার হাতির বাঘের খাওয়ানর টাকা তাদের না খাওয়াইয়ে তরা মেরে খাস,2,1
"নাকি , সাগর রুনির মতন চইলা গেছে ",0,2
"সব খাবার বলেন ভাই ফ্রেশ , ফ্রেশ না কোনটা ভাই ",0,2
কতোগুলো স্পট ঘুরবেন তার উপর চার্জ করে উনারা । 2 / 2500 হবে হয়তো । এটা ডিপেন্ড করে সিজনের উপর,1,0
আমি শুনেছি নেপাল বা ভুটান বাই রোড ইন্ডিয়া হয়ে গেলে নাকি পরে ইন্ডিয়ান ভিসা কেনছেল হয়ে যায় বা ইন্ডিয়ান ভিসায় যে কোন সমস্যা হতে পারে,0,2
"এ থেকে একটা জিনিস শেখা যায় , আমরা যারা পড়াশুনা করছি , তারা দেশ নিয়েও ভাবা উচিত । নিজের দেশকে বিশ্বদরবারে প্রতিষ্ঠিত করার জন্য সর্বোচ্চ কিছু করা উচিত ",1,2
ভাই কোল্ড কফি টা কেমন ছিল তার রেটিং টা দিলেন না যে ?,0,1
"জুলুমবাজ ফিরআউন নমরুদ কারুন হামান । কেউ বাচতে পারেনাই আল্লাহর পাকড়াও থেকে তোরাও পারবি না , তোদেরকেও ধরবে আল্লাহ তবে সেটাএকটু পর , কারন মহান আল্লাহ সবাইকেই অবকাশ দেন ",0,1
ভবিষ্যৎ সুরক্ষিত রাখতে এই বয়েসে মা ও হয়েছে,0,2
"ভাইয়া এর থেকে ভালো মানের হোটেল কোনটা , আমি পরশু যাবো ",0,1
ভিডিও টিতে বড় ভুল আছে মান্না দেৱ নাম কফি হাঊজ গান চিচিচিচি ওকাক তু,2,1
হেতে বলে রাস্ট্রপতি হালায় একটা গাদা,2,0
"আর মাছ সেটা প্রথম কারা শুরু করেছে সেটার কোন নির্দিষ্ট প্রমান নেই । আর হাঁ এটা আমি স্বীকার করি যে বাংলাদেশে প্রচুর মাছ পাওয়া যায় , আর এটাও স্বীকার করি বাংলাদেশীরা ভারতের থেকে অনেক বেশি মাছ খায় ",1,2
"9 । মুহাম্মদ ( সাঃ ) এর আনিত শরীয়াহ ব্যতীত অন্য কোন পথে বা অন্য কোন ধর্মে জীবন পরিচালনা করলেও জান্নাত পাওয়া যাবে বা আল্লাহ সন্তষ্টি পাওয়া সম্ভব মনে করা । দলীল : - ( সূরা আলে ইমরান - 83 , 85 / ",0,1
সারা বছর তো এক বাটি ফল খেতে পারি না তা হলে প্রতিদিন এক বাটি.,0,1
সব জায়গার এ্যাড্রেস পাইলে ভাল হইত,1,2
"নাস্তিক মার্কা কথা না বলে আল্লাহর উপরে , তাউক্কুল করেন ",2,0
বাঘের বাচ্ছা নুর । আসল ঘটনা সমনে আনার জন্য ধন্যবাদ,0,1
দয়া করে এত দামী দামী রেষ্টুরেন্টে না গিয়ে সাধারণ মানের রেষ্টুরেন্টেে ভিডিও করুন,0,2
এই ধরনের ভিডিওই রেগুলারলি চাই পরপর কয়েক দিন,0,2
"এই রানা কে ""ক্ষণিকের ভাইরাল"" হতে দেওয়া যাবে না ",1,2
ছাত্র ছাত্রীর এত টাকা কোথায় পাবো,1,2
নদীর পানিতে সমুদ্রবন্দর গায়েব,0,1
আদনান ভাইয়ের বড় মন হারাই গেছ্র,0,1
আছছা লজ্জা পাওয়ার কি ? । আরো গর্ব করা দরকার । কারন ইংরেজিতে কথা বললে ওরা লজ্জা পাই না । আর আমরা কেন লজ্জ পাব ? মাথা ঠিক করে হেড লাইন লিখেন । মনে রাখবেন এটা আমাদের মাত্ভাষা,1,2
"বেনাপোল , বুড়িমারী , আখাউড়াতে দিতে হয় ",0,2
"ওহ , তুমি এই কাজ করতাছো  ",0,2
রিপোর্ট টা চমকপ্রদ হলো না,0,1
"প্রত্যেক কলেজে এমন লোমহর্ষক ঘটনা ঘটে যা নিন্দনীয় , এ ব্যপারে সরকারের সুখ্য অনুসন্ধানের জন্য মাননীয় প্রধানমন্ত্রীর দৃষ্টি আর্কষন করছি ",1,2
"ঝাল , এই কথাটাই কারও কারও কাছে ত্রাসের অপর নাম । কিন্তু আমার কাছে সেটা হচ্ছে প্যাশন ",1,2
অপচয়কারীকে উপরওয়ালা পছন্দ করেন না,0,1
ক্যান্সার / হাসপাতাল / বাল ফাউন্ডেশন / ছাল ফাউন্ডেশন যে কোনো নামে কোনো শুয়োরের বাচ্চারে যদি টিকেট বেচতে দেখি সোজা মাইর দিমু । আপনারাও দিবেন । একটা চড় হলেও দিয়ে দৌড় দিবেন যদি একলা থাকেন,2,1
"এরোকম জঘন্য র্্যগিং নামক ফালতু কালচার বন্ধ করা হোক , তানা হলে এমন হাজারো মেধাবি আবরার কে বলি হতে হবে এ সমাজ থেকে ",1,2
যাই বলো খাবার টেস্ট হলেই হবে । নাম ধাম দিয়ে কি হবে,1,2
অপ্রয়োজনীয় ইংরেজি তো আপনিও বললেন । হোস্ট না বলে উপস্থাপক বললেই হয়,2,1
"কক্সবাজার সমুদ্র সৈকত , বাংলাদেশ । পৃথিবীর সবথেকে দীর্ঘ সমুদ্র সৈকত হলো কক্সবাজার সমুদ্র সৈকত ",1,2
আম্বরখানা থেকে শাহী ইদগাহ রোডে একটা চটপটির দোকান আছে দাম ২০ টাকা শুধু ডিমের পরিমানই ১ টা দেওয়ার পড় আরো একটা দিমের অর্ধেক,1,0
"ভাগ্য ভালো বিটিভির লোকেরা ওকে পায়নি , পেলে গুম করে পেলতো , কারন বিটিভিতে তো এখন দেশ সিংগাপুর , আর বাস্তবতা হচ্ছে টাকার অভাবে বাচ্ছারা পড়তে পারেনা ",1,2
অাপনার খাওয়ার ঢংয়েই বুঝা যাচ্ছিল স্বাদ নেই তেমন,2,1
"এরা ভাবে মানুষ পাগল , মানুষ কিছু বুঝে না ",2,1
ভাউরে ভাউ বিমান ভাড়া দিয়া আমেরিকায় গেছেন খাবার খাইতে টাকা কি নিজের পকেট থেকে দিছেন,2,1
গাড়িতে ? আমরা 7 জন ( ছেলে বাদে ),1,2
আল্লাহ তুমি তাদের উচিত বিচার করো খাংকি মাগির পোলা মানবতা বলতে কিছু হাই আল্লাহ তুমি কিছি করো এই জালেমদের অত্যাচার আর সহ্য হচ্ছে না কস্ট আর দেখতে পাচ্ছি না,0,1
"একটা জিনিস খুব খারাপ লাগে , কলকাতায় ভর্তা পাওয়া যায়না । আমরা ভর্তার স্বাদে বঞ্চিত । বাংলাদেশের কোনো রেস্টুরেন্ট কে কলকাতায় শাখা খোলার আবেদন করছি ",2,1
"ফাহিম ভাই , ফুড ভ্লগিং এর পাশাপাশি শরীরের যত্ন নিয়েন । শুরু থেকেই আপনার ভিডিও দেখি । অনেক মুটিয়ে গেছেন ",2,1
ইটা একটা অমানবিক ব্যাপার যে ভিডিও ম্যান কখনো খায়না,1,2
পাঁচ ভাই হোটেল আমাদের সিলেট বাসির গৌরব,1,0
"বেশী উচ্চতার কারণে অনেকেরই শারীরিক সমস্যা হয় । একেক জনের একেক রকম সমস্যা হয় । ২ বছরের মেয়ে হয়তো ঠিক মতো বলতে পারবে না যে , কি সমস্যা হচ্ছে তার । সেই জন্যই আমি এতো ছোট বাচ্চা নিয়ে সিকিম যেতে নিষেধ করি ",0,1
"জি , ইন্ডিয়ান ট্রাজিট ভিসা লাগে ",0,2
"বাসে যেতে পারেন । কমলাপুর থেকে ছাড়ে , উত্তরা , মহাখালি থেকেও ছাড়ে । ট্রেনে যেতে পারেন । গাড়ি ভাড়া করে যেতে পারেন ",1,0
আজ থেকে আওয়ামীলীগ করা চেড়ে দেবো । জেখানে তেগি নাতার এমন করুন দসা দেখতে হল সেখানে আমাদের থেকে কি লাব । সোনা যতটুকু জানি সম্রাট ভাই নির্দোষ,0,2
তার ক্ষেত্রেও কিন্তু ঐ চাকরির জন্য যে ছেলেটা ধার বা ঝন করছে সেম কিছু একটা আছে । তাছাড়া যারা নির্বাচন করে তারা নিজের টাকা একটু কমই খরচ করার চেষ্টা করে আমার মতে ,2,1
খুব ভালো লাগলো খাবার আর সাথে জায়গাটাও,1,2
পিপি বেশিই আইলস্যা দেখা যাচ্ছে : ) ),1,0
গ্রামীনফোন এর ভিডিওটা কি স্পন্সরড ? যদি স্পন্সরড হয় তাহলে সেটা কিভাবে করেছেন ? প্রসেসটা কাইন্ডলি বলা যাবে ? যদি কিছু মনে না করেন,0,1
দাদা গরু না খেলে হয় না ? সবসময় গরু খেতেই হবে,0,2
"জায়গাটাকে রাসবিহারী মোড় বলে , যদিও এটা কালীঘাটের গায়েই ",0,2
আশরাফুলকে যেভাবে বিচার করা হইছিলো আমরা সেভাবে লোকমানের বিচার চাই ,1,2
"আহ , নওশিন আমার ক্রাশ ছিল ",0,1
"সুদিপা দিদি তো একটা সুপার চিট । বাংলাদেশ থেকে জিবাংলাতে ওনাকে দেখে আমিও এই রেস্টুরেন্টে যাবার প্রস্তুতি নিয়েছিলাম , আল্লাহ বাচাইসে চিট বাটপারের হাতে পড়ি নাই ",2,1
এখানে দোষের কি হলো দুজনেই তো রাজি তাই না ?,0,1
ভাই তোমার হাত ধরেই অন্যায় অনিয়ম ভেঙ্গে চুরমার হবে এদেশ থেকে ইনশাল্লাহ,1,2
ছাত্রলীগের মত অন্যসব রাজনৈতিক দল ক্যাম্পাস থেকে অতিসত্তর বন্ধ করে দেয়া উচিত । সাথে শিক্ষক রাজনীতিও বন্ধ করতে হবে কারন আমি ভুক্তভোগী খুবি থেকে,0,1
"যে খাওয়া দাওয়া শুরু হয়েছে স্বাস্থ আগের অবস্থায় ফিরে যেতে সময় লাগবে না , ফিন্নি ভালো না আর লেগ রোস্ট আগের মত নাই ",2,1
এবিএম সুমন বালটা তো নতুন ফেইস না । সে করুক আর ফ্লপ হোক,2,0
এরজন্য ওইসব টিকেট কেও কিনে না লাগলে ও সে পাবেনা,0,1
"ভাই , এয়ারপোর্টে ইমিগ্রেশনে কোনো সমস্যা করবে নাতো ",1,0
যমুনা টিভির মাধ্যমে এই টাকা যেন ঐ গরীব লোকটি পায় এটা আমাদের দাবি । টিকিট বিক্রি করে টাকাতো ঠিকই নিয়া নিছে । এখন টাকা দিবেনা কেন ? ওর বাপের টাকা না । এগুলো জনগনের টাকা । শলারা এর চেয়ে ভিক্ষা চাইতো জনগনের কাছে । মাদারচোদ খানকির পোলারা,0,2
ভুলবাল নিউজ কইরেন না । নারকোস বা পাবলো স্কোভার এর কোন দিক দিয়াই পরে না,0,1
"আদনান ভাইয়া আপনি আপনার চুল কালার করেন না কেন , নওশিন আপু কত সুন্দর , আপুর সাথে তো আপনাকে এখন ভাবাই যায় না ",2,1
আমরা তো দেখছি তিনি টাকা খেয়েছেন মাএ 41 কোটি  ,2,1
৭০ শতাংশ ভাগ খাবার বাসি থাকে,2,0
"ঘরে যারা ঠিক মতো খায় না বা খাইতে পারে না , বা খাওয়ার জন্য ঠিক মতো রান্না হয় না , তাদের কাছে যে কোন খাবার ই সুস্বাদু হবেই । এতে আহামরির কিসসু নাই ",1,2
শাজাহান থাকলে এসব হত না । হাসিনা সরকার বারবার দরকার,0,2
লেজভর্তাটা খেলেন না ভাই আর সাথে ওদের তো একটা চাটনী দেয়ার কথা । কি খাইলেন বুঝলাম না কিছু,0,2
"আপনার পছন্দ না হলে খাবেন , তবে আপনি উটের মূত্র খেতে যান ",2,1
ঠিক ঐ জায়গায় বসার জায়গা ছিল না,0,2
আমি ডেকার্স লেন কে আমি বলি,0,1
আমার একটা প্রশ্ন এতো কম সময়ে এতো ওজন কমা এবং বাড়া এতে কি কোন সমস্য হবে নাকি ,0,1
খিচুড়ি পর্ব মারাত্মক । বাকি টা দেখি তারপর কমেন্ট,1,2
পাশের ফ্রেন্ডটা কি ছেলে না মেয়ে ,2,1
